"id","community","weight","color"
"85214130018",1,77,"#B2F2FD"
"85213705399",1,704,"#9A6E28"
"85213504854",2,299,"#95AA2B"
"85211778719",2,268,"#95AA2B"
"85209758913",1,167,"#943D49"
"85209402709",3,106,"#95AA2B"
"85209361869",2,371,"#95AA2B"
"85209128431",2,34,"#9C801F"
"85208752586",1,169,"#89BC48"
"85208125867",1,47,"#89BC48"
"85204893704",1,49,"#943D49"
"85204633737",1,177,"#9A6E28"
"85203453002",1,551,"#89BC48"
"85203324231",2,6,"#89BC48"
"85203322945",1,145,"#89BC48"
"85203308081",1,95,"#B2F2FD"
"85202899987",1,370,"#B2F2FD"
"85202846213",1,178,"#943D49"
"85202177443",1,157,"#943D49"
"85201530993",1,62,"#9B951B"
"85200481443",1,783,"#95AA2B"
"85200373588",1,10,"#9A6E28"
"85198665817",1,41,"#943D49"
"85198659246",1,703,"#89BC48"
"85197306706",2,74,"#B2F2FD"
"85196525603",2,43,"#9C801F"
"85196271307",2,22,"#95AA2B"
"85191055908",1,81,"#943D49"
"85190291230",1,60,"#89BC48"
"85188618820",1,393,"#89BC48"
"85187946002",2,246,"#95AA2B"
"85187887691",1,93,"#9C801F"
"85187477814",1,42,"#8C0172"
"85185335440",1,222,"#943D49"
"85185128859",1,34,"#8C0172"
"85185098363",1,270,"#89BC48"
"85180842998",2,37,"#B2F2FD"
"85179933212",2,47,"#8C0172"
"85175977807",1,325,"#943D49"
"85174699756",1,358,"#943D49"
"85174411282",2,56,"#95AA2B"
"85173918029",1,342,"#B2F2FD"
"85173720646",2,161,"#95AA2B"
"85173585562",1,410,"#943D49"
"85173577336",2,103,"#95AA2B"
"85172404913",1,908,"#9A6E28"
"85172133616",1,1094,"#9A6E28"
"85171997214",3,85,"#9B951B"
"85171379023",3,11,"#95AA2B"
"85171351589",2,103,"#95AA2B"
"85170382528",2,27,"#95AA2B"
"85169161665",1,105,"#943D49"
"85168610871",3,35,"#9B951B"
"85168374912",1,555,"#9A6E28"
"85168368677",1,19,"#943D49"
"85168351250",1,20,"#943D49"
"85167519529",1,59,"#9A6E28"
"85167517132",1,15,"#943D49"
"85167515184",2,18,"#943D49"
"85163717490",1,27,"#943D49"
"85162668259",1,34,"#943D49"
"85161928847",1,20,"#B2F2FD"
"85161019109",3,17,"#95AA2B"
"85160074138",1,332,"#943D49"
"85154048019",1,260,"#943D49"
"85153273441",2,224,"#95AA2B"
"85152710489",1,276,"#943D49"
"85151356221",1,209,"#89BC48"
"85150898934",1,39,"#89BC48"
"85150169586",2,9,"#9C801F"
"85149987016",2,256,"#95AA2B"
"85149945227",2,82,"#95AA2B"
"85149840457",1,17,"#8C0172"
"85148711199",1,376,"#9A6E28"
"85148415433",4,88,"#66E8D3"
"85147952904",1,324,"#B2F2FD"
"85147565637",1,486,"#B2F2FD"
"85146808590",2,775,"#95AA2B"
"85146504858",2,6,"#95AA2B"
"85145199575",3,165,"#9B951B"
"85144215251",2,207,"#9C801F"
"85144227535",2,132,"#95AA2B"
"85143539147",3,115,"#9B951B"
"85143507418",1,339,"#95AA2B"
"85143439759",1,87,"#B2F2FD"
"85141806733",2,208,"#95AA2B"
"85141804963",1,465,"#8C0172"
"85141769070",2,509,"#943D49"
"85141747607",2,386,"#95AA2B"
"85141624420",4,121,"#95AA2B"
"85141475802",2,90,"#95AA2B"
"85141427770",1,30,"#B2F2FD"
"85140789121",3,133,"#9B951B"
"85138311591",2,49,"#9C801F"
"85138308192",1,535,"#9A6E28"
"85138247062",3,184,"#901C63"
"85137996518",1,248,"#943D49"
"85137995799",1,49,"#B2F2FD"
"85137601505",2,41,"#95AA2B"
"85136622450",1,113,"#89BC48"
"85135487297",2,258,"#95AA2B"
"85135112436",2,183,"#9C801F"
"85134511114",2,186,"#9C801F"
"85134361564",1,317,"#B2F2FD"
"85133673151",1,822,"#B2F2FD"
"85133326638",2,249,"#95AA2B"
"85133307547",2,231,"#95AA2B"
"85133129048",2,311,"#95AA2B"
"85133032523",2,794,"#95AA2B"
"85132896462",1,191,"#8C0172"
"85132842492",1,458,"#89BC48"
"85132831108",1,404,"#8C0172"
"85132559271",1,59,"#8C0172"
"85132159267",2,157,"#95AA2B"
"85132110622",1,88,"#B2F2FD"
"85131818216",2,415,"#95AA2B"
"85131376637",2,535,"#95AA2B"
"85130756926",1,62,"#943D49"
"85129972828",3,92,"#8C0172"
"85128333584",1,109,"#B2F2FD"
"85127719765",4,96,"#964D3E"
"85127536039",1,279,"#89BC48"
"85127477810",1,22,"#943D49"
"85127278929",1,547,"#89BC48"
"85126356679",1,216,"#B2F2FD"
"85126267813",2,84,"#95AA2B"
"85126007780",1,334,"#943D49"
"85125304775",3,11,"#95AA2B"
"85125292291",2,153,"#95AA2B"
"85124817964",2,20,"#95AA2B"
"85124459242",1,12,"#943D49"
"85122200267",1,678,"#943D49"
"85121483905",1,476,"#943D49"
"85120997987",1,570,"#943D49"
"85119993425",2,47,"#943D49"
"85119877723",2,447,"#95AA2B"
"85119085736",2,88,"#95AA2B"
"85118704940",2,405,"#9C801F"
"85118592320",2,161,"#95AA2B"
"85117301846",2,20,"#9C801F"
"85115197018",1,664,"#B2F2FD"
"85115157210",2,375,"#95AA2B"
"85115131051",2,44,"#95AA2B"
"85114940268",2,99,"#95AA2B"
"85114815869",1,171,"#9A6E28"
"85114448730",2,17,"#9C801F"
"85114032436",2,83,"#95AA2B"
"85113750462",2,283,"#9C801F"
"85113172898",2,236,"#95AA2B"
"85111922146",2,310,"#95AA2B"
"85111288718",1,142,"#89BC48"
"85110846664",1,296,"#943D49"
"85110370480",2,146,"#95AA2B"
"85108867981",1,785,"#B2F2FD"
"85107916046",1,375,"#89BC48"
"85107385606",1,833,"#8C0172"
"85107152391",1,184,"#B2F2FD"
"85107115196",2,120,"#9C801F"
"85106691690",1,263,"#89BC48"
"85106300201",1,545,"#9A6E28"
"85105214303",2,52,"#9C801F"
"85106048401",2,21,"#9C801F"
"85104024907",2,304,"#95AA2B"
"85103825899",2,338,"#9C801F"
"85103394923",1,250,"#943D49"
"85103302503",3,364,"#901C63"
"85102942639",2,9,"#9C801F"
"85102688758",2,5,"#9C801F"
"85102684760",2,24,"#9C801F"
"85102087347",2,257,"#9A6E28"
"85102034585",1,366,"#9A6E28"
"85101883338",1,73,"#9B951B"
"85101714675",2,52,"#9C801F"
"85101713822",1,69,"#943D49"
"85101400027",2,82,"#9C801F"
"85101343767",1,303,"#943D49"
"85101190456",2,225,"#9C801F"
"85100975106",2,242,"#95AA2B"
"85100948501",2,200,"#9C801F"
"85100867748",1,86,"#8C0172"
"85099337484",1,310,"#943D49"
"85099179246",3,90,"#9B951B"
"85099104268",1,433,"#9A6E28"
"85097485581",1,710,"#9B951B"
"85097242473",1,62,"#9B951B"
"85097160780",1,90,"#9A6E28"
"85092295788",1,410,"#943D49"
"85091969654",5,25,"#6BD48C"
"85091721310",1,156,"#943D49"
"85091221160",2,197,"#95AA2B"
"85091094022",3,122,"#9B951B"
"85091030325",1,43,"#9A6E28"
"85090275269",2,276,"#9C801F"
"85089818475",2,183,"#95AA2B"
"85089801517",1,103,"#943D49"
"85089795123",2,15,"#95AA2B"
"85089030663",1,255,"#943D49"
"85088807635",3,471,"#8C0172"
"85088628878",2,74,"#95AA2B"
"85088588411",1,841,"#B2F2FD"
"85087819455",2,135,"#95AA2B"
"85087387220",1,41,"#943D49"
"85087347345",2,433,"#95AA2B"
"85087007722",1,240,"#943D49"
"85086841211",2,193,"#95AA2B"
"85085989180",1,672,"#89BC48"
"85084812161",2,100,"#95AA2B"
"85084479260",1,119,"#89BC48"
"85084278967",2,315,"#95AA2B"
"85083961820",2,573,"#9C801F"
"85083806591",1,585,"#B2F2FD"
"85083767081",3,57,"#9B951B"
"85083547232",2,137,"#95AA2B"
"85081584397",1,72,"#89BC48"
"85079490597",2,95,"#95AA2B"
"85079459168",2,84,"#95AA2B"
"85079185021",4,56,"#66E8D3"
"85079142733",2,38,"#95AA2B"
"85079140023",1,450,"#95AA2B"
"85079079876",3,237,"#9B951B"
"85078306435",1,464,"#943D49"
"85078304786",1,138,"#943D49"
"85078187543",1,394,"#B2F2FD"
"85077612989",1,80,"#943D49"
"85077606620",2,11,"#95AA2B"
"85077592730",1,20,"#943D49"
"85077585730",2,59,"#95AA2B"
"85077581046",2,16,"#95AA2B"
"85077531536",2,6,"#95AA2B"
"85077520239",2,14,"#95AA2B"
"85077258227",2,189,"#95AA2B"
"85076915332",3,175,"#9B951B"
"85076908028",2,66,"#95AA2B"
"85076902555",3,5,"#95AA2B"
"85076476726",2,941,"#95AA2B"
"85076322647",2,97,"#95AA2B"
"85075674529",1,172,"#89BC48"
"85075579857",2,56,"#95AA2B"
"85075548534",2,201,"#95AA2B"
"85075398911",1,14,"#943D49"
"85075187820",4,91,"#66E8D3"
"85075184881",2,14,"#95AA2B"
"85075175983",4,52,"#9A6E28"
"85074666192",2,522,"#95AA2B"
"85074370448",1,500,"#B2F2FD"
"85074214835",3,62,"#9B951B"
"85073428878",2,127,"#95AA2B"
"85073211117",1,540,"#9A6E28"
"85073200997",3,29,"#943D49"
"85072964608",2,39,"#95AA2B"
"85072916124",1,279,"#9A6E28"
"85071942306",2,184,"#95AA2B"
"85071613487",1,230,"#8C0172"
"85071052779",2,32,"#B2F2FD"
"85070208481",2,193,"#95AA2B"
"85070099064",1,101,"#89BC48"
"85069999312",3,425,"#9B951B"
"85068797063",1,244,"#8C0172"
"85074730859",1,748,"#9A6E28"
"85067349411",1,333,"#943D49"
"85067205049",1,220,"#943D49"
"85066935613",1,8,"#8C0172"
"85064939809",1,248,"#B2F2FD"
"85064916051",2,510,"#95AA2B"
"85064335368",1,72,"#943D49"
"85063996010",3,47,"#9B951B"
"85063971486",3,70,"#8C0172"
"85063965625",3,104,"#9B951B"
"85063962479",3,76,"#8C0172"
"85063953271",1,95,"#89BC48"
"85063946420",1,161,"#8C0172"
"85063945304",1,75,"#89BC48"
"85063944816",1,335,"#9A6E28"
"85063936227",3,45,"#9B951B"
"85063328329",1,454,"#8C0172"
"85063139145",1,283,"#89BC48"
"85063057345",1,321,"#8C0172"
"85063010472",1,37,"#89BC48"
"85062990087",1,249,"#B2F2FD"
"85061506990",5,25,"#995D33"
"85061482570",5,18,"#995D33"
"85061399208",5,27,"#995D33"
"85061384943",1,187,"#B2F2FD"
"85061354714",5,37,"#995D33"
"85061329037",5,20,"#995D33"
"85061314165",1,223,"#89BC48"
"85060940536",1,429,"#943D49"
"85060163355",1,371,"#95AA2B"
"85059538309",1,104,"#995D33"
"85059532194",2,230,"#95AA2B"
"85059526502",5,34,"#9A6E28"
"85059478275",1,432,"#943D49"
"85058054138",1,226,"#943D49"
"85057842822",2,141,"#95AA2B"
"85057182383",2,93,"#95AA2B"
"85056989037",1,50,"#943D49"
"85056465915",1,52,"#943D49"
"85056458870",1,146,"#943D49"
"85056073021",3,440,"#9B951B"
"85055417856",3,10,"#9B951B"
"85054666376",2,21,"#95AA2B"
"85054124802",2,200,"#95AA2B"
"85053532447",2,167,"#95AA2B"
"85052926994",3,512,"#9B951B"
"85052845234",1,172,"#943D49"
"85052810372",3,130,"#9B951B"
"85066800862",2,184,"#95AA2B"
"85052716082",1,121,"#943D49"
"85052392489",1,187,"#B2F2FD"
"85049745086",1,498,"#943D49"
"85049505826",2,21,"#95AA2B"
"85048307848",1,526,"#8C0172"
"85047892799",1,936,"#B2F2FD"
"85047270054",1,82,"#943D49"
"85046876461",1,242,"#8C0172"
"85046829157",2,159,"#95AA2B"
"85046482301",1,99,"#89BC48"
"85046404029",1,179,"#9A6E28"
"85046299781",1,512,"#943D49"
"85045390885",3,117,"#95AA2B"
"85045302709",3,91,"#9B951B"
"85044932406",1,299,"#943D49"
"85044839977",1,648,"#89BC48"
"85044662276",1,258,"#943D49"
"85044638851",3,217,"#9B951B"
"85044324240",3,324,"#9B951B"
"85044298314",3,402,"#9B951B"
"85044280793",1,577,"#943D49"
"85044247870",1,355,"#8C0172"
"85044231512",3,285,"#9B951B"
"85044220837",2,119,"#95AA2B"
"85044174222",3,313,"#901C63"
"85054414358",2,264,"#95AA2B"
"85054409887",1,65,"#943D49"
"85054408996",1,85,"#943D49"
"85054408906",1,162,"#943D49"
"85054400134",1,53,"#89BC48"
"85054396819",1,167,"#8C0172"
"85054388328",1,187,"#943D49"
"85054365513",1,100,"#943D49"
"85054283323",2,496,"#95AA2B"
"85054281047",1,70,"#943D49"
"85054278741",3,125,"#95AA2B"
"85054277593",2,430,"#95AA2B"
"85054270334",1,390,"#89BC48"
"85054267415",3,245,"#9B951B"
"85054267281",1,28,"#943D49"
"85054257056",3,134,"#95AA2B"
"85054248717",2,146,"#89BC48"
"85054233830",1,132,"#B2F2FD"
"85054226406",2,222,"#943D49"
"85054214175",1,10,"#943D49"
"85054206903",2,145,"#943D49"
"85054206245",1,316,"#943D49"
"85054202658",1,317,"#943D49"
"85054201243",3,152,"#9C801F"
"85054198866",1,965,"#943D49"
"85034772877",1,89,"#943D49"
"85025812736",1,526,"#9A6E28"
"85025097527",1,75,"#89BC48"
"85024481455",2,87,"#95AA2B"
"85023755932",1,320,"#B2F2FD"
"85021265597",1,520,"#9A6E28"
"85019881824",1,341,"#943D49"
"85021128240",3,393,"#9B951B"
"85020510811",1,497,"#943D49"
"85020270432",1,291,"#89BC48"
"85020136109",2,155,"#B2F2FD"
"85017427199",2,61,"#9C801F"
"85017421036",1,19,"#943D49"
"85015875113",1,43,"#943D49"
"85015624691",2,88,"#9C801F"
"85015621645",1,415,"#943D49"
"85014574468",2,79,"#9C801F"
"85013040934",2,112,"#9C801F"
"85013035945",1,110,"#89BC48"
"85011888111",2,91,"#943D49"
"85011634359",2,206,"#95AA2B"
"85010951410",2,107,"#95AA2B"
"85010799406",1,286,"#943D49"
"85006835192",1,1063,"#8C0172"
"85006791309",3,792,"#9B951B"
"85001874153",1,191,"#9A6E28"
"85001686844",1,682,"#8C0172"
"85000916551",1,302,"#943D49"
"84997050438",1,137,"#943D49"
"84992364798",2,56,"#95AA2B"
"84992166479",1,176,"#89BC48"
"85008193467",1,208,"#9A6E28"
"84994091688",2,502,"#95AA2B"
"84991080712",1,648,"#9A6E28"
"84988691026",1,317,"#89BC48"
"84988369390",1,501,"#89BC48"
"84986305513",1,239,"#8C0172"
"84982182231",1,131,"#95AA2B"
"84995814994",1,1098,"#9A6E28"
"84995802964",1,368,"#9A6E28"
"84995791066",1,1050,"#9A6E28"
"84992413268",1,370,"#9A6E28"
"84992317226",4,498,"#9A6E28"
"84992316886",3,850,"#9B951B"
"84991810796",1,1036,"#9A6E28"
"84991759029",1,251,"#9A6E28"
"84991054888",1,974,"#9A6E28"
"84982965895",3,22,"#95AA2B"
"84976637566",1,118,"#943D49"
"84976474831",2,318,"#95AA2B"
"84975225120",1,67,"#943D49"
"84974827884",1,783,"#9A6E28"
"84968658930",1,214,"#943D49"
"84961654835",1,267,"#95AA2B"
"84970046734",1,699,"#89BC48"
"84966705283",1,143,"#943D49"
"84966694389",2,531,"#95AA2B"
"84966664062",2,121,"#95AA2B"
"84966320688",2,228,"#95AA2B"
"84964527111",1,149,"#943D49"
"84961837406",1,61,"#943D49"
"84961784292",1,357,"#943D49"
"84961590331",1,26,"#943D49"
"84959363735",1,274,"#943D49"
"84955598443",1,40,"#89BC48"
"84941350773",1,76,"#89BC48"
"84938813679",3,13,"#9B951B"
"84930358047",2,58,"#95AA2B"
"84959554523",1,43,"#943D49"
"84959547655",1,609,"#9A6E28"
"84959516586",1,151,"#943D49"
"84959504970",1,345,"#9A6E28"
"84959490607",1,84,"#943D49"
"84959483342",2,173,"#95AA2B"
"84959474703",2,258,"#9C801F"
"84957725921",1,188,"#B2F2FD"
"84957725785",1,1274,"#9A6E28"
"84957725774",1,172,"#B2F2FD"
"84957725633",2,618,"#B2F2FD"
"84957725375",1,475,"#9A6E28"
"84957725261",1,462,"#95AA2B"
"84957725130",4,35,"#66E8D3"
"84957724912",1,146,"#943D49"
"84943457110",3,244,"#9B951B"
"84943456174",1,25,"#9C801F"
"84943456091",2,5,"#9B951B"
"84943454291",3,161,"#9B951B"
"84943452991",2,262,"#95AA2B"
"84943451514",2,113,"#9C801F"
"84943451435",3,380,"#B2F2FD"
"84943450178",1,243,"#89BC48"
"84940602448",1,403,"#8C0172"
"84940593690",1,548,"#B2F2FD"
"84940584634",3,74,"#9B951B"
"84940581687",1,92,"#943D49"
"84940576759",1,248,"#943D49"
"84940574326",2,84,"#9C801F"
"84940573412",1,673,"#9A6E28"
"84940544975",1,529,"#B2F2FD"
"84930766361",1,197,"#89BC48"
"84930763041",1,40,"#943D49"
"84930762537",1,178,"#89BC48"
"84930759457",1,534,"#943D49"
"84930757100",3,158,"#9B951B"
"84930756229",1,347,"#87EFEE"
"84930752275",1,370,"#943D49"
"84929710416",1,796,"#8C0172"
"84929710377",1,349,"#943D49"
"84929704613",2,81,"#9C801F"
"84929703341",1,387,"#943D49"
"84929702642",1,221,"#89BC48"
"84929701859",2,67,"#9C801F"
"84939879159",2,333,"#B2F2FD"
"84925506180",2,349,"#8C0172"
"84925461572",1,62,"#B2F2FD"
"84924813419",1,178,"#943D49"
"84889785279",2,70,"#89BC48"
"84943589236",2,318,"#95AA2B"
"84943588885",1,6,"#89BC48"
"84943588644",3,125,"#9B951B"
"84939897665",2,121,"#95AA2B"
"84939882861",1,501,"#B2F2FD"
"84922004387",1,267,"#943D49"
"84922004241",1,145,"#8C0172"
"84911006748",1,458,"#9A6E28"
"84911006514",2,436,"#95AA2B"
"84911005757",3,95,"#9B951B"
"84911003640",1,421,"#943D49"
"84911001630",4,93,"#964D3E"
"85192643233",1,110,"#943D49"
"85192640037",1,286,"#943D49"
"85192627982",1,25,"#943D49"
"85192624303",1,615,"#943D49"
"85192618273",1,82,"#943D49"
"85192614934",1,198,"#943D49"
"85192614446",1,163,"#943D49"
"85192611891",1,249,"#943D49"
"85192579677",1,53,"#943D49"
"85160193201",1,179,"#943D49"
"85138499878",1,81,"#943D49"
"85045905514",1,141,"#943D49"
"85014873049",1,158,"#943D49"
"85014841587",1,333,"#8C0172"
"84905753179",1,294,"#943D49"
"84905726335",1,713,"#943D49"
"84905725620",1,817,"#9A6E28"
"84905724890",1,41,"#943D49"
"84905724535",1,36,"#943D49"
"84905722619",2,216,"#95AA2B"
"84905719272",1,82,"#943D49"
"84903213919",1,755,"#9A6E28"
"84903199642",1,78,"#8C0172"
"84903180552",1,94,"#89BC48"
"84903154838",1,854,"#9A6E28"
"84903142285",1,26,"#943D49"
"84903138886",1,475,"#89BC48"
"84903123406",1,162,"#943D49"
"84899451016",2,9,"#9C801F"
"84899450130",2,339,"#B2F2FD"
"84899438715",2,425,"#95AA2B"
"84899431037",1,742,"#943D49"
"84899430682",2,557,"#95AA2B"
"84899412259",1,300,"#9A6E28"
"84899410832",1,312,"#B2F2FD"
"84895895074",1,305,"#943D49"
"84895891267",1,296,"#89BC48"
"84895890785",1,318,"#943D49"
"84895890750",1,160,"#8C0172"
"84895890420",1,632,"#9A6E28"
"84895886489",1,180,"#89BC48"
"84895880446",1,503,"#9A6E28"
"84895879583",1,382,"#8C0172"
"84895877153",1,592,"#89BC48"
"84895872768",1,165,"#89BC48"
"84895869305",1,454,"#943D49"
"84895862905",1,69,"#89BC48"
"84895861483",1,489,"#89BC48"
"84892897093",1,411,"#B2F2FD"
"84892882078",1,368,"#9A6E28"
"84892880478",1,263,"#943D49"
"84892877678",1,40,"#943D49"
"84892859587",2,94,"#95AA2B"
"84892857148",2,84,"#943D49"
"84892840546",1,226,"#B2F2FD"
"84885870456",1,293,"#943D49"
"84885854167",1,265,"#943D49"
"84885850684",1,126,"#943D49"
"84885850344",1,49,"#95AA2B"
"84885841979",1,1154,"#89BC48"
"84885834859",2,96,"#95AA2B"
"84881617344",1,169,"#89BC48"
"84881615575",4,175,"#87EFEE"
"84881615462",1,190,"#943D49"
"84881613136",1,999,"#B2F2FD"
"84881612361",1,199,"#89BC48"
"84881611987",3,313,"#95AA2B"
"84881611794",4,393,"#87EFEE"
"84881609463",2,345,"#95AA2B"
"84879319700",1,342,"#B2F2FD"
"84879310997",1,1718,"#B2F2FD"
"84878950039",1,492,"#B2F2FD"
"84878949728",1,44,"#943D49"
"84878948726",2,216,"#95AA2B"
"84878927906",2,80,"#89BC48"
"84878925000",1,337,"#89BC48"
"84878908555",2,36,"#943D49"
"84875401167",1,83,"#943D49"
"84875400389",1,82,"#89BC48"
"84875397193",2,239,"#95AA2B"
"84875393501",1,501,"#943D49"
"84875390004",1,111,"#943D49"
"84875389628",2,317,"#95AA2B"
"84875386606",2,215,"#95AA2B"
"84874578582",1,368,"#9A6E28"
"84874576336",3,7,"#9B951B"
"84874573590",3,7,"#9B951B"
"84874572816",3,164,"#9A6E28"
"84874566601",1,88,"#9A6E28"
"84874564754",1,104,"#9A6E28"
"84874564291",1,171,"#9A6E28"
"84874563834",3,272,"#9B951B"
"84874560078",2,196,"#95AA2B"
"84874557284",3,25,"#9A6E28"
"84874557160",1,251,"#9A6E28"
"84874555810",1,770,"#9A6E28"
"84872966937",2,66,"#87EFEE"
"84872961579",1,8,"#943D49"
"84872955690",1,394,"#9A6E28"
"84872946696",2,294,"#95AA2B"
"84872922873",1,153,"#8C0172"
"84872916259",1,320,"#B2F2FD"
"84872898990",1,603,"#943D49"
"84872896950",1,45,"#943D49"
"84867902454",1,283,"#9A6E28"
"84867901839",1,357,"#8C0172"
"84867901279",1,473,"#9A6E28"
"84867901172",1,144,"#943D49"
"84867901100",3,354,"#9B951B"
"84867900780",2,529,"#B2F2FD"
"84867899496",1,126,"#943D49"
"84867896105",1,89,"#89BC48"
"84865441316",1,53,"#89BC48"
"84865437462",1,165,"#B2F2FD"
"84865437260",1,168,"#943D49"
"84865429399",2,236,"#95AA2B"
"84865416183",1,181,"#89BC48"
"84865414399",3,52,"#9B951B"
"84865409690",2,105,"#95AA2B"
"84865409195",2,132,"#95AA2B"
"84865403458",1,354,"#8C0172"
"84861788566",1,557,"#9A6E28"
"84861788011",4,73,"#89BC48"
"84861787709",1,961,"#89BC48"
"84861785965",1,181,"#943D49"
"84861778972",3,101,"#9B951B"
"84861777322",1,310,"#9A6E28"
"84861774803",2,198,"#95AA2B"
"84859783183",1,843,"#9A6E28"
"84859777706",2,253,"#95AA2B"
"84859761845",3,592,"#901C63"
"84859754196",1,689,"#943D49"
"84859750525",1,459,"#9A6E28"
"84859740028",2,335,"#95AA2B"
"84856753739",1,185,"#8C0172"
"84856719617",2,149,"#95AA2B"
"84856714706",2,49,"#943D49"
"84856710163",1,1077,"#943D49"
"84856704507",3,288,"#9B951B"
"84856698585",2,31,"#943D49"
"81855226137",1,187,"#943D49"
"81855221785",1,133,"#943D49"
"81855213118",2,392,"#5FDEB0"
"81855206138",4,48,"#943D49"
"81855193999",1,18,"#943D49"
"81855185300",1,37,"#943D49"
"81855174489",2,234,"#95AA2B"
"81255171443",1,196,"#943D49"
"81255168246",1,57,"#943D49"
"81255168205",1,220,"#89BC48"
"81255161002",1,55,"#943D49"
"81255159139",1,460,"#B2F2FD"
"81255149537",1,327,"#943D49"
"81255137020",3,138,"#9B951B"
"79960330714",1,214,"#89BC48"
"79960327944",1,437,"#943D49"
"79960322111",1,75,"#943D49"
"79960319406",2,189,"#95AA2B"
"79960316981",1,604,"#9A6E28"
"79960307828",1,115,"#943D49"
"79960303682",1,170,"#89BC48"
"79960292397",1,398,"#89BC48"
"79960290978",1,273,"#89BC48"
"79958017285",1,31,"#B2F2FD"
"79958014721",1,821,"#66E8D3"
"79958002622",1,608,"#66E8D3"
"79957995535",2,44,"#95AA2B"
"79957992696",1,227,"#9A6E28"
"79957992453",2,698,"#95AA2B"
"79957985341",1,98,"#943D49"
"79957971956",1,189,"#89BC48"
"79956336721",1,66,"#943D49"
"79956334584",1,6,"#89BC48"
"79956328134",1,277,"#8C0172"
"79956323401",1,64,"#9B951B"
"79956312952",1,445,"#8C0172"
"79956307807",1,641,"#943D49"
"79956301084",2,41,"#95AA2B"
"79956293508",2,132,"#95AA2B"
"79955864873",1,116,"#9A6E28"
"79955857996",4,571,"#87EFEE"
"79955840134",4,145,"#87EFEE"
"79955827664",1,326,"#B2F2FD"
"79955820374",1,64,"#89BC48"
"79955816427",4,119,"#B2F2FD"
"79955800384",2,44,"#95AA2B"
"79955795564",1,82,"#B2F2FD"
"79955793776",1,81,"#9A6E28"
"78650308853",2,99,"#95AA2B"
"78650308851",1,345,"#943D49"
"78650307074",2,88,"#95AA2B"
"78650306137",1,398,"#943D49"
"78650305377",1,367,"#8C0172"
"78650303373",1,87,"#943D49"
"78650141744",1,126,"#8C0172"
"78650032014",1,141,"#9B951B"
"78650028233",3,118,"#9B951B"
"78650023945",1,424,"#943D49"
"78650000809",1,26,"#943D49"
"78650000535",3,618,"#9B951B"
"78649990805",2,157,"#95AA2B"
"78649990352",1,73,"#943D49"
"77955996790",3,449,"#9B951B"
"77956012769",1,369,"#9A6E28"
"77953028935",4,468,"#87EFEE"
"77953026045",1,359,"#8C0172"
"77953025944",1,66,"#943D49"
"77953025627",1,158,"#9A6E28"
"77953024253",1,32,"#943D49"
"77953023709",1,117,"#943D49"
"77956010719",3,121,"#9B951B"
"77956011420",3,128,"#9B951B"
"77956010582",3,102,"#9B951B"
"77956013078",1,631,"#9A6E28"
"77956012822",3,201,"#9B951B"
"77956010970",3,46,"#9B951B"
"77956247749",3,682,"#9B951B"
"77956237688",3,104,"#9B951B"
"77955410887",3,228,"#9B951B"
"77956011365",5,478,"#9B951B"
"77956012027",3,919,"#9B951B"
"77956011404",3,174,"#9B951B"
"77956010178",3,26,"#9B951B"
"78650683729",3,5,"#9B951B"
"78650715182",1,193,"#8C0172"
"78650714967",2,191,"#95AA2B"
"78650698720",1,338,"#943D49"
"78650686618",2,196,"#95AA2B"
"77955054848",2,232,"#95AA2B"
"77953023087",1,245,"#943D49"
"75849147337",3,157,"#B2F2FD"
"75849138282",2,23,"#943D49"
"75849132921",1,124,"#943D49"
"75849130385",1,212,"#943D49"
"75849128577",1,45,"#89BC48"
"76349125585",1,239,"#B2F2FD"
"76349120195",2,294,"#95AA2B"
"76349110782",3,187,"#9B951B"
"76349109039",1,431,"#9A6E28"
"76349098463",1,27,"#89BC48"
"76349086934",1,195,"#943D49"
"76349085645",1,405,"#9A6E28"
"66749139580",3,58,"#9B951B"
"68949098207",2,95,"#95AA2B"
"68949107773",3,51,"#9B951B"
"68949116314",1,536,"#89BC48"
"58649121060",3,222,"#9B951B"
"58649107378",1,12,"#943D49"
"68949122974",3,261,"#9B951B"
"60449102606",1,358,"#8C0172"
"60449104230",1,351,"#8C0172"
"84920903570",1,66,"#89BC48"
"68949192602",3,106,"#9B951B"
"68949104380",1,91,"#8C0172"
"68949088470",1,381,"#8C0172"
"67349271306",2,407,"#95AA2B"
"67349186651",1,256,"#89BC48"
"67349143450",2,12,"#9C801F"
"67349104171",2,188,"#95AA2B"
"60449108056",1,254,"#8C0172"
"60449097145",1,507,"#8C0172"
"60449094731",1,532,"#8C0172"
"60449093894",1,195,"#8C0172"
"60449088084",1,700,"#8C0172"
"60449085884",1,397,"#8C0172"
"58849136682",1,23,"#943D49"
"58649119062",1,27,"#8C0172"
"58649111055",1,65,"#89BC48"
"58649108111",1,146,"#943D49"
"58649105788",1,133,"#943D49"
"58649088227",1,360,"#B2F2FD"
"59849114894",1,251,"#89BC48"
"59849100282",1,432,"#8C0172"
"49049121461",1,301,"#943D49"
"49049116991",1,5,"#8C0172"
"49049112269",1,271,"#89BC48"
"49049106596",1,219,"#943D49"
"49049100496",1,141,"#8C0172"
"49049099258",1,38,"#89BC48"
"49049096755",1,43,"#89BC48"
"59849125287",1,451,"#943D49"
"59849117630",1,250,"#89BC48"
"59849117106",1,286,"#89BC48"
"59849118242",1,108,"#89BC48"
"43849111670",3,634,"#9B951B"
"43849110745",1,206,"#B2F2FD"
"43849109622",1,18,"#943D49"
"43849103929",1,130,"#89BC48"
"43849098735",1,68,"#89BC48"
"43849097536",1,161,"#89BC48"
"49049086907",2,139,"#95AA2B"
"38649135393",1,425,"#9A6E28"
"38649132885",2,188,"#95AA2B"
"38649122068",1,631,"#943D49"
"38649119458",1,568,"#943D49"
"38649117950",1,338,"#943D49"
"38649106160",1,544,"#943D49"
"38649105772",1,644,"#9A6E28"
"38649099085",1,298,"#943D49"
"38649087376",1,55,"#943D49"
"49049115161",3,46,"#9B951B"
"36448998142",1,128,"#B2F2FD"
"36448981771",3,204,"#9B951B"
"36448976904",1,293,"#943D49"
"36448975822",2,280,"#B2F2FD"
"36448974885",1,949,"#943D49"
"36448974165",2,126,"#95AA2B"
"36448973440",1,444,"#9A6E28"
"36448958718",1,177,"#89BC48"
"36448929783",1,923,"#B2F2FD"
"35449001705",2,688,"#95AA2B"
"35448998384",2,326,"#95AA2B"
"35448990425",3,691,"#901C63"
"35448971777",2,297,"#95AA2B"
"35448959900",3,389,"#943D49"
"35448930202",3,697,"#95AA2B"
"34547635055",1,628,"#943D49"
"34547577771",1,252,"#943D49"
"34547570536",1,364,"#8C0172"
"34547568748",2,159,"#95AA2B"
"34547568431",1,126,"#943D49"
"34547562957",1,472,"#8C0172"
"72549112644",1,206,"#943D49"
"72549103103",1,183,"#943D49"
"72549093839",1,90,"#943D49"
"72549087165",1,92,"#8C0172"
"66949114200",1,49,"#943D49"
"48349142956",4,794,"#87EFEE"
"48349100741",1,362,"#B2F2FD"
"44349128925",4,411,"#87EFEE"
"33847752960",1,284,"#B2F2FD"
"34047190388",3,499,"#9A6E28"
"34047176981",3,279,"#9B951B"
"34047168011",3,56,"#9B951B"
"34047164121",1,456,"#89BC48"
"34047160520",1,128,"#943D49"
"34047155639",2,407,"#95AA2B"
"34047109213",3,95,"#9B951B"
"34047093396",1,102,"#8C0172"
"33947422116",1,252,"#943D49"
"33947377939",1,267,"#89BC48"
"33947366468",1,534,"#943D49"
"33947366004",1,165,"#B2F2FD"
"33947364833",1,6,"#95AA2B"
"33947360776",3,571,"#9B951B"
"33847240884",1,449,"#89BC48"
"33847224124",1,145,"#89BC48"
"33847211035",1,606,"#89BC48"
"33847206747",1,97,"#89BC48"
"33847202902",1,86,"#89BC48"
"33847197123",1,26,"#89BC48"
"33847191369",1,380,"#89BC48"
"33847187366",1,657,"#89BC48"
"34547824152",1,90,"#9C801F"
"34547812009",1,273,"#943D49"
"34547757890",1,23,"#B2F2FD"
"34547752362",1,61,"#8C0172"
"34547745900",2,707,"#95AA2B"
"34547738464",1,550,"#B2F2FD"
"34547726666",1,155,"#943D49"
"33750214653",3,345,"#9B951B"
"33750121260",3,418,"#9B951B"
"33644768390",1,1011,"#B2F2FD"
"33644754775",1,419,"#943D49"
"33644753085",1,55,"#B2F2FD"
"33644749535",1,43,"#943D49"
"33750120529",1,72,"#9A6E28"
"33746748241",1,399,"#9B951B"
"33746740549",1,107,"#943D49"
"33746721595",1,283,"#8C0172"
"33746717614",1,261,"#89BC48"
"33746716317",2,232,"#95AA2B"
"33746676987",3,290,"#B2F2FD"
"33644762203",2,71,"#95AA2B"
"33645318413",2,232,"#95AA2B"
"33645307947",1,297,"#943D49"
"33645298185",1,492,"#8C0172"
"33645292568",1,274,"#9A6E28"
"33645288540",4,550,"#66E8D3"
"33645285262",1,1230,"#9A6E28"
"33645280324",1,408,"#89BC48"
"33644623599",2,359,"#95AA2B"
"33644620710",1,349,"#8C0172"
"33644599426",1,486,"#8C0172"
"33644599124",1,219,"#943D49"
"33644598310",2,98,"#95AA2B"
"33644594614",1,244,"#943D49"
"33644591120",1,50,"#8C0172"
"33644588290",1,10,"#8C0172"
"33644585163",1,9,"#89BC48"
"33749449068",2,227,"#95AA2B"
"33749448738",1,254,"#89BC48"
"33749448015",1,205,"#B2F2FD"
"33749444314",1,8,"#943D49"
"33749443894",1,187,"#B2F2FD"
"33749443091",1,118,"#943D49"
"33749441180",2,183,"#95AA2B"
"33749437894",1,40,"#89BC48"
"33749436598",1,611,"#B2F2FD"
"33749436118",1,326,"#943D49"
"33749430823",1,291,"#89BC48"
"33749426911",1,715,"#B2F2FD"
"33745281925",1,855,"#943D49"
"33745176781",3,287,"#9B951B"
"33645013760",1,167,"#943D49"
"33644785465",1,1184,"#B2F2FD"
"20444464310",3,528,"#9B951B"
"21444461057",1,141,"#9B951B"
"21444454555",1,51,"#89BC48"
"21444451575",1,378,"#89BC48"
"21444451089",1,395,"#B2F2FD"
"21444445373",1,314,"#B2F2FD"
"21444442520",1,361,"#943D49"
"21444441212",2,309,"#95AA2B"
"21444437978",3,78,"#9B951B"
"21444437821",2,24,"#95AA2B"
"21444437671",1,259,"#B2F2FD"
"21444433004",2,526,"#95AA2B"
"26844562091",1,38,"#943D49"
"26844561306",1,56,"#943D49"
"26844515355",1,20,"#943D49"
"26844494981",1,109,"#B2F2FD"
"26844469441",1,99,"#943D49"
"26844458019",1,427,"#943D49"
"26844447559",1,140,"#8C0172"
"26844438911",1,108,"#943D49"
"2442611965",3,260,"#9B951B"
"14844332721",1,171,"#89BC48"
"14844323141",1,222,"#943D49"
"14844322877",1,93,"#943D49"
"14844298746",1,41,"#8C0172"
"4043133005",3,143,"#9B951B"
"4043125975",1,138,"#B2F2FD"
"4043110493",1,88,"#943D49"
"4043090535",1,745,"#B2F2FD"
"4043087644",3,83,"#9B951B"
"4043077681",4,699,"#87EFEE"
"4043066341",1,953,"#B2F2FD"
"4043055015",1,355,"#B2F2FD"
"2442717400",3,451,"#9B951B"
"2442706284",4,370,"#87EFEE"
"2442667491",1,472,"#89BC48"
"2442656303",1,80,"#89BC48"
"2442655033",1,645,"#943D49"
"2442642504",1,69,"#B2F2FD"
"1542757281",1,307,"#8C0172"
"1542757274",1,132,"#89BC48"
"1542757267",1,622,"#943D49"
"1542751063",3,15,"#9B951B"
"1542651983",3,217,"#9B951B"
"1542651975",1,42,"#943D49"
"1542547081",1,745,"#8C0172"
"1542442430",1,131,"#9B951B"
"1542442364",2,295,"#95AA2B"
"0348218216",3,509,"#9B951B"
"0348218215",1,379,"#943D49"
"0348162421",1,176,"#943D49"
"0346957436",1,268,"#943D49"
"0142135973",1,300,"#943D49"
"0142135968",1,239,"#8C0172"
"0142104228",3,69,"#9B951B"
"0142104171",1,334,"#8C0172"
"0142040713",1,66,"#8C0172"
"0142031146",4,531,"#87EFEE"
"0041302285",3,442,"#9B951B"
"0041302284",1,238,"#8C0172"
"0038672865",1,42,"#89BC48"
"0038269763",1,468,"#B2F2FD"
"0038269759",3,243,"#B2F2FD"
"0037932465",1,160,"#B2F2FD"
"0037932456",3,439,"#B2F2FD"
"0037932455",1,184,"#B2F2FD"
"0037594519",1,164,"#89BC48"
"0347588478",1,194,"#943D49"
"0041802927",1,443,"#89BC48"
"0038661785",2,7,"#9C801F"
"0038323095",2,147,"#95AA2B"
"0037985429",2,5,"#9C801F"
"0037985428",1,31,"#B2F2FD"
"0037647565",2,84,"#95AA2B"
"0036877066",1,369,"#943D49"
"0036877065",1,541,"#B2F2FD"
"0036876715",1,276,"#8C0172"
"0036876684",3,280,"#9B951B"
"0036876324",2,162,"#95AA2B"
"0036759545",1,246,"#9A6E28"
"0036759143",1,1125,"#9A6E28"
"0036759017",1,731,"#943D49"
"0036758527",1,128,"#9A6E28"
"0036758520",1,395,"#943D49"
"0036084947",1,58,"#89BC48"
"0036081748",3,118,"#9B951B"
"0036087650",1,286,"#95AA2B"
"0036084918",3,1017,"#9B951B"
"0036084416",1,433,"#943D49"
"0036622994",3,546,"#901C63"
"0036622868",1,206,"#943D49"
"0036622867",1,72,"#89BC48"
"0036622760",1,169,"#8C0172"
"0036622573",1,732,"#89BC48"
"0036622566",3,427,"#9B951B"
"0036179932",4,421,"#89BC48"
"0036179236",1,705,"#8C0172"
"0036178273",1,738,"#95AA2B"
"0036176634",2,445,"#95AA2B"
"0036758524",1,92,"#9A6E28"
"0042326329",1,123,"#943D49"
"0041825210",3,320,"#9B951B"
"0041324690",1,171,"#943D49"
"0038570662",2,13,"#B2F2FD"
"0013059351",2,37,"#95AA2B"
"0012976586",1,63,"#B2F2FD"
"0002459786",1,71,"#89BC48"
"0001502291",1,199,"#8C0172"
"0000013589",1,41,"#943D49"
"0034777508",1,123,"#89BC48"
"0034777507",1,296,"#89BC48"
"0034775936",1,31,"#89BC48"
"0034772445",1,176,"#89BC48"
"0034772386",1,161,"#89BC48"
"0034772001",1,37,"#89BC48"
"0035087182",1,325,"#B2F2FD"
"0035085844",1,369,"#B2F2FD"
"0035083655",1,315,"#8C0172"
"0041825208",1,16,"#95AA2B"
"0035182911",1,398,"#89BC48"
"0034771533",1,56,"#B2F2FD"
"0006298729",2,441,"#95AA2B"
"0034525638",1,434,"#95AA2B"
"0033775045",1,180,"#89BC48"
"0033821797",1,23,"#B2F2FD"
"0346477067",1,110,"#943D49"
"0345846195",3,253,"#9B951B"
"0343091568",1,278,"#89BC48"
"0034127552",1,40,"#89BC48"
"0034118025",1,72,"#89BC48"
"0034072453",1,362,"#89BC48"
"0034059222",1,895,"#89BC48"
"0034032448",1,177,"#89BC48"
"0008520455",2,528,"#95AA2B"
"2342653076",1,78,"#943D49"
"2342569829",1,97,"#8C0172"
"2342563941",3,69,"#9B951B"
"2342541916",3,164,"#9B951B"
"2342514284",1,26,"#943D49"
"0347838008",1,211,"#8C0172"
"0347674235",1,789,"#943D49"
"0042891224",2,157,"#95AA2B"
"0041869987",1,45,"#89BC48"
"0039746429",3,23,"#9B951B"
"0038165273",3,475,"#9B951B"
"0038139866",1,533,"#943D49"
"0011203165",1,203,"#89BC48"
"0010542950",1,221,"#8C0172"
"0008203301",3,78,"#9B951B"
"0008169860",1,239,"#89BC48"
"0008167766",1,152,"#89BC48"
"0007215478",1,499,"#89BC48"
"0007170653",1,421,"#8C0172"
"0003048039",3,59,"#9B951B"
"0002996365",1,113,"#9B951B"
"0002881218",1,237,"#89BC48"
"0002415819",1,92,"#89BC48"
"0001443530",1,121,"#89BC48"
"0001187812",1,102,"#B2F2FD"
"0000901666",4,40,"#B2F2FD"
"0000657119",1,613,"#8C0172"
"0000212274",1,878,"#89BC48"
"0000208961",1,207,"#9A6E28"
"3042571391",1,690,"#943D49"
"26944460846",1,285,"#95AA2B"
"26944433098",1,60,"#943D49"
"2342470915",1,181,"#943D49"
"2342466879",1,108,"#8C0172"
"2342461187",1,32,"#943D49"
"0347351194",1,230,"#943D49"
"0043098011",1,962,"#8C0172"
"0042067106",1,472,"#943D49"
"0031903686",1,313,"#943D49"
"0031878958",1,164,"#89BC48"
"0031878510",1,254,"#89BC48"
"0031870813",3,430,"#9B951B"
"0031864801",3,554,"#9B951B"
"0031811294",1,30,"#943D49"
"0031810803",1,155,"#943D49"
"0006678965",1,34,"#8C0172"
"0005930422",3,778,"#9B951B"
"0002422969",1,518,"#9B951B"
"0002351415",1,254,"#B2F2FD"
"0001261424",3,242,"#9B951B"
"0000840686",1,194,"#89BC48"
"0000627742",2,859,"#95AA2B"
"0000390964",2,15,"#95AA2B"
"2342635357",1,47,"#943D49"
"2342631455",1,453,"#8C0172"
"2342617739",1,184,"#89BC48"
"2342597315",1,174,"#89BC48"
"2342577688",1,234,"#8C0172"
"2342533991",1,90,"#943D49"
"2342461218",1,298,"#943D49"
"2342449427",1,351,"#8C0172"
"0038214599",3,426,"#9B951B"
"0031461133",3,339,"#9B951B"
"0031458655",1,34,"#943D49"
"0031405303",1,934,"#89BC48"
"0031393820",3,276,"#9B951B"
"0001459345",3,415,"#9B951B"
"0001188355",1,1074,"#87EFEE"
"0000669191",1,643,"#9B951B"
"85062755745",1,191,"#943D49"
"33747707588",1,82,"#B2F2FD"
"2342655213",1,330,"#9B951B"
"2342648223",1,6,"#943D49"
"0344195925",1,73,"#89BC48"
"0344169788",1,34,"#943D49"
"0039372624",1,538,"#8C0172"
"0037977002",3,305,"#9B951B"
"0008426375",1,453,"#89BC48"
"0000055303",3,368,"#9B951B"
"34249755941",1,5,"#89BC48"
"34249754976",1,24,"#943D49"
"0029505383",3,311,"#9B951B"
"0006975310",2,549,"#95AA2B"
"0005904082",1,191,"#9B951B"
"34249757348",1,290,"#943D49"
"34249756478",1,131,"#943D49"
"0038438056",1,119,"#8C0172"
"0029544048",3,472,"#9B951B"
"0000029284",1,200,"#89BC48"
"34249756628",3,443,"#9B951B"
"0029502956",3,297,"#9B951B"
"0000674133",3,96,"#9B951B"
"0000331570",3,105,"#9B951B"
"34249757271",1,88,"#943D49"
"0346763529",2,421,"#95AA2B"
"0346446730",1,166,"#943D49"
"0012834518",2,578,"#95AA2B"
"0005966007",1,160,"#89BC48"
"34249842799",1,81,"#9A6E28"
"34249837295",3,5,"#8C0172"
"34249833693",1,480,"#89BC48"
"24944563539",1,251,"#9A6E28"
"0027011080",1,210,"#8C0172"
"0013168112",1,76,"#9A6E28"
"0008184144",1,96,"#89BC48"
"0001170556",2,36,"#9B951B"
"34249837221",3,85,"#9B951B"
"34249833607",1,302,"#943D49"
"0027040392",3,746,"#9B951B"
"0006085121",1,195,"#8C0172"
"0002084222",3,174,"#9B951B"
"0001500542",1,10,"#89BC48"
"34249841469",1,247,"#943D49"
"34249839722",1,10,"#943D49"
"34249834214",1,373,"#943D49"
"34249834091",1,174,"#943D49"
"34249833796",3,30,"#9B951B"
"34249832822",1,155,"#943D49"
"2342626439",1,237,"#943D49"
"0027046806",1,270,"#943D49"
"0000043856",3,135,"#9B951B"
"34249840129",1,163,"#943D49"
"34249832445",1,12,"#943D49"
"34249830795",2,38,"#95AA2B"
"1842524446",1,643,"#89BC48"
"0039211419",1,8,"#943D49"
"0027095487",1,136,"#943D49"
"0027091649",1,91,"#8C0172"
"0027037337",1,183,"#9A6E28"
"0011978401",3,79,"#9B951B"
"3643089876",3,28,"#9B951B"
"34249924122",1,131,"#943D49"
"34249921918",1,76,"#89BC48"
"34249921093",1,85,"#943D49"
"0345956908",1,81,"#943D49"
"0345762377",1,144,"#943D49"
"0026351731",3,251,"#9B951B"
"0000906715",3,5,"#9B951B"
"34249927533",1,141,"#943D49"
"34249918887",3,350,"#9B951B"
"0040573567",4,57,"#943D49"
"0037997215",3,41,"#9B951B"
"0026282843",4,323,"#964D3E"
"0026292055",1,33,"#89BC48"
"0001825857",1,45,"#8C0172"
"84951650605",3,118,"#9B951B"
"84951604643",3,5,"#8C0172"
"84894743769",1,42,"#943D49"
"79955297885",1,50,"#943D49"
"2342458156",3,487,"#9B951B"
"0026307397",1,125,"#89BC48"
"0026289783",1,84,"#89BC48"
"34249958152",1,100,"#89BC48"
"34249953053",3,163,"#9B951B"
"0343772149",1,327,"#943D49"
"0042865393",4,33,"#943D49"
"0025659652",2,812,"#95AA2B"
"0005961096",5,48,"#6BD48C"
"0003278839",3,766,"#9B951B"
"0003027173",3,265,"#9B951B"
"2342483676",1,334,"#89BC48"
"0039911947",1,137,"#B2F2FD"
"0011971527",3,97,"#9B951B"
"0011635172",3,116,"#9B951B"
"34249959669",3,243,"#9B951B"
"2442592555",3,250,"#9B951B"
"0025671174",1,238,"#8C0172"
"0010271036",1,347,"#943D49"
"0002280934",3,220,"#89BC48"
"0001011877",1,13,"#943D49"
"0000034997",3,53,"#9B951B"
"34249975042",1,45,"#8C0172"
"34249967236",1,34,"#943D49"
"0024944575",1,309,"#9B951B"
"0024903221",1,645,"#89BC48"
"0024887231",1,290,"#9B951B"
"0000782648",1,222,"#89BC48"
"77951503445",1,117,"#943D49"
"33745571752",1,79,"#89BC48"
"84951601209",3,97,"#9B951B"
"84936371905",1,88,"#89BC48"
"84936327500",1,72,"#943D49"
"34249969339",3,8,"#9B951B"
"34249968657",1,31,"#943D49"
"34249966666",3,129,"#9B951B"
"34249965363",1,29,"#943D49"
"33750269572",1,290,"#943D49"
"2642627096",3,381,"#9B951B"
"24644450422",3,69,"#9B951B"
"2342534905",1,168,"#89BC48"
"0037977003",3,122,"#9B951B"
"0024887225",1,365,"#89BC48"
"0024873017",3,430,"#9B951B"
"0011011157",1,249,"#8C0172"
"34250090810",3,637,"#9B951B"
"0024184957",4,1126,"#66E8D3"
"0024182737",3,98,"#9B951B"
"34250088248",2,15,"#95AA2B"
"24944578810",2,25,"#943D49"
"2342525128",3,136,"#9B951B"
"2342493069",1,373,"#89BC48"
"0042031936",1,82,"#943D49"
"34250094627",3,74,"#9B951B"
"33645551912",3,364,"#9B951B"
"0347771912",3,376,"#9B951B"
"0347218176",1,7,"#943D49"
"0345932734",1,265,"#8C0172"
"0038214593",3,441,"#9B951B"
"0002125554",1,679,"#89BC48"
"34250108517",1,183,"#943D49"
"34250099487",1,19,"#9C801F"
"0343987947",3,555,"#9B951B"
"0042364353",1,173,"#943D49"
"0042031915",1,401,"#89BC48"
"0000967774",3,108,"#9B951B"
"0000532468",3,1016,"#9B951B"
"34250109610",1,12,"#89BC48"
"34250108287",3,152,"#9B951B"
"34250102060",1,562,"#943D49"
"0344169790",3,152,"#943D49"
"0039476420",1,181,"#943D49"
"0009311266",1,482,"#943D49"
"0001911606",3,873,"#9B951B"
"0000308539",3,315,"#9B951B"
"0000731781",3,938,"#9B951B"
"34250106651",1,156,"#943D49"
"34250105543",1,291,"#89BC48"
"34250100664",3,5,"#8C0172"
"0346473705",1,256,"#943D49"
"34250127547",1,350,"#943D49"
"34250124688",3,48,"#9B951B"
"34250123901",1,146,"#89BC48"
"0343336287",1,443,"#943D49"
"34250131540",1,56,"#943D49"
"0039980684",1,353,"#943D49"
"5744243522",1,6,"#943D49"
"2342575522",1,368,"#89BC48"
"12844262124",1,404,"#943D49"
"0038057030",1,145,"#943D49"
"0002120056",1,209,"#89BC48"
"34250130056",1,177,"#943D49"
"34250127827",1,471,"#943D49"
"0001970957",3,168,"#9B951B"
"34250121819",1,158,"#943D49"
"0006969395",4,58,"#5FDEB0"
"0003721795",4,1268,"#66E8D3"
"0003581326",4,47,"#66E8D3"
"84940662313",4,273,"#66E8D3"
"79551583332",4,151,"#964D3E"
"0003397032",4,1253,"#964D3E"
"0003668973",5,1148,"#6BD48C"
"0003612445",4,702,"#66E8D3"
"0004149207",4,2111,"#66E8D3"
"84965103759",4,211,"#66E8D3"
"84869411336",4,234,"#66E8D3"
"84938812952",4,1739,"#66E8D3"
"0002591318",4,408,"#66E8D3"
"50349087557",4,204,"#87EFEE"
"0000023362",5,1081,"#6BD48C"
"0002892188",4,1528,"#66E8D3"
"0008429360",4,202,"#964D3E"
"80855148506",4,261,"#922D55"
"84953308141",4,181,"#66E8D3"
"33645280660",4,236,"#66E8D3"
"11244327940",4,940,"#922D55"
"49649111434",4,322,"#66E8D3"
"0000798871",4,945,"#5FDEB0"
"84875847924",4,135,"#5FDEB0"
"0003488051",4,221,"#5FDEB0"
"85020549739",4,157,"#5FDEB0"
"85098448481",4,111,"#5FDEB0"
"0000103250",4,444,"#5FDEB0"
"84875275808",4,164,"#5FDEB0"
"0001479221",4,350,"#5FDEB0"
"0001410504",4,620,"#5FDEB0"
"0011287779",4,94,"#5FDEB0"
"0000740210",4,150,"#5FDEB0"
"84876102816",4,133,"#5FDEB0"
"0004279274",4,1431,"#964D3E"
"0001675069",5,318,"#6BD48C"
"0003356711",5,525,"#6BD48C"
"0006002426",5,225,"#6BD48C"
"0043145064",5,96,"#6BD48C"
"0003596549",5,411,"#901C63"
"0000102556",5,414,"#6BD48C"
"84996539065",4,99,"#5FDEB0"
"0003829450",5,423,"#6BD48C"
"0000508160",4,941,"#87EFEE"
"85053822999",4,169,"#964D3E"
"0043098100",4,151,"#964D3E"
"0001005675",4,526,"#5FDEB0"
"42749095511",4,186,"#922D55"
"36549025888",4,75,"#922D55"
"85053161333",4,247,"#922D55"
"64549151067",4,133,"#922D55"
"84957589842",4,205,"#87EFEE"
"0003467392",4,186,"#66E8D3"
"84894453180",4,235,"#922D55"
"32944474838",4,194,"#922D55"
"84870482912",4,81,"#922D55"
"0004078878",4,399,"#87EFEE"
"33644664285",4,80,"#922D55"
"0004149217",4,962,"#87EFEE"
"84921389898",4,43,"#964D3E"
"0004052654",5,446,"#6BD48C"
"45349095595",4,287,"#964D3E"
"84922935218",4,67,"#964D3E"
"84940644968",4,157,"#5FDEB0"
"0004176485",4,371,"#5FDEB0"
"84936398002",4,211,"#5FDEB0"
"84933000315",4,100,"#5FDEB0"
"0003785833",4,1093,"#5FDEB0"
"0001375485",4,378,"#5FDEB0"
"0003484355",4,195,"#5FDEB0"
"17744395740",4,259,"#5FDEB0"
"0001261899",4,831,"#5FDEB0"
"0000897008",4,312,"#5FDEB0"
"85020531862",4,252,"#5FDEB0"
"79951522663",4,56,"#5FDEB0"
"0003757563",4,163,"#5FDEB0"
"0004146634",4,273,"#87EFEE"
"0003460359",4,1369,"#66E8D3"
"0003740342",4,171,"#87EFEE"
"0000311751",4,102,"#964D3E"
"0003441155",4,446,"#87EFEE"
"84924437897",4,753,"#87EFEE"
"0003992949",4,57,"#964D3E"
"84870327912",4,231,"#964D3E"
"0016136872",4,145,"#964D3E"
"0003530017",4,434,"#964D3E"
"0004223107",4,87,"#922D55"
"0003379499",4,120,"#66E8D3"
"0032221027",4,55,"#922D55"
"34548679805",4,89,"#922D55"
"0000705183",4,89,"#922D55"
"84890071592",4,216,"#66E8D3"
"2442624639",5,1064,"#6BD48C"
"0003804682",4,49,"#964D3E"
"78650808650",4,306,"#66E8D3"
"84876155403",4,108,"#964D3E"
"20744460398",4,288,"#964D3E"
"0000161636",4,502,"#964D3E"
"60950039724",4,280,"#66E8D3"
"0000961086",4,159,"#964D3E"
"0001214721",4,296,"#66E8D3"
"0013143399",4,429,"#964D3E"
"0000433312",4,546,"#964D3E"
"33845439546",4,268,"#964D3E"
"84881229123",4,283,"#964D3E"
"84881234410",4,164,"#964D3E"
"0003614273",4,89,"#964D3E"
"0042378554",4,341,"#964D3E"
"85038238206",4,115,"#964D3E"
"1442303505",4,178,"#964D3E"
"84977483351",4,58,"#964D3E"
"79954580250",4,88,"#964D3E"
"85098648905",4,52,"#964D3E"
"0004198890",4,583,"#964D3E"
"0003962350",4,285,"#964D3E"
"0004113842",5,502,"#6BD48C"
"0006193328",4,417,"#964D3E"
"84923999095",4,562,"#87EFEE"
"0346343567",5,229,"#901C63"
"84865645409",5,144,"#901C63"
"84938747420",4,122,"#87EFEE"
"62449325345",4,453,"#87EFEE"
"77957211866",4,105,"#66E8D3"
"0002717656",5,237,"#901C63"
"0003620880",4,320,"#87EFEE"
"0001410750",4,343,"#87EFEE"
"0003751558",4,126,"#922D55"
"84863092413",4,266,"#87EFEE"
"0003945869",5,532,"#6BD48C"
"83755169498",4,544,"#87EFEE"
"84908351062",4,403,"#87EFEE"
"0003022154",4,360,"#87EFEE"
"67649671790",4,474,"#87EFEE"
"84899897627",4,211,"#87EFEE"
"0003535416",5,162,"#901C63"
"85069166813",4,149,"#87EFEE"
"0001102269",4,160,"#87EFEE"
"85082526830",4,99,"#922D55"
"0000342553",4,80,"#922D55"
"85193417216",4,292,"#922D55"
"0034344834",4,57,"#922D55"
"33947535133",4,117,"#922D55"
"68549099568",4,176,"#922D55"
"0004134698",4,89,"#66E8D3"
"0002945557",4,134,"#66E8D3"
"0003446197",4,104,"#922D55"
"0003500122",4,96,"#922D55"
"0004264902",4,103,"#66E8D3"
"0016752446",4,153,"#66E8D3"
"85050417424",4,128,"#5FDEB0"
"0004008093",4,159,"#922D55"
"84856431726",4,123,"#922D55"
"0004189017",5,348,"#6BD48C"
"0038882957",5,148,"#6BD48C"
"0003696589",4,164,"#87EFEE"
"0003547856",4,676,"#964D3E"
"0003435253",4,1642,"#964D3E"
"0003995062",4,400,"#66E8D3"
"0442267478",4,472,"#87EFEE"
"79952468152",4,209,"#5FDEB0"
"0004095302",4,753,"#964D3E"
"0003568880",4,771,"#87EFEE"
"0004207606",4,98,"#87EFEE"
"0002040788",4,259,"#5FDEB0"
"84991820981",5,57,"#6BD48C"
"33845243362",4,34,"#66E8D3"
"0037159541",4,256,"#922D55"
"0003437208",4,66,"#922D55"
"24944444350",4,209,"#964D3E"
"85131495937",4,231,"#964D3E"
"0012771572",4,164,"#964D3E"
"62749158618",4,319,"#66E8D3"
"0003604090",4,506,"#964D3E"
"84966158827",4,99,"#964D3E"
"0032555135",5,259,"#901C63"
"0003918633",4,169,"#66E8D3"
"0003941317",4,834,"#66E8D3"
"0003681099",4,169,"#964D3E"
"37249030834",4,144,"#964D3E"
"33845733408",4,191,"#964D3E"
"0014830535",4,744,"#66E8D3"
"33748498919",4,142,"#964D3E"
"0008362427",4,318,"#964D3E"
"0029661332",4,506,"#87EFEE"
"84989784453",4,106,"#964D3E"
"0003734936",4,80,"#6BD48C"
"0003528701",4,758,"#87EFEE"
"85036595697",4,199,"#5FDEB0"
"85020058963",4,102,"#5FDEB0"
"79959426302",4,111,"#5FDEB0"
"85023190025",4,141,"#5FDEB0"
"85070249767",4,77,"#5FDEB0"
"84876183644",4,78,"#66E8D3"
"85063590164",4,112,"#5FDEB0"
"84979532420",4,132,"#5FDEB0"
"0000618308",4,349,"#922D55"
"0004275792",5,87,"#6BD48C"
"0003834965",4,246,"#964D3E"
"84923937773",4,190,"#922D55"
"0004226825",4,121,"#964D3E"
"79952740846",4,142,"#5FDEB0"
"84891958464",4,120,"#5FDEB0"
"1842864894",5,24,"#6BD48C"
"0003432370",4,239,"#66E8D3"
"0004064549",4,319,"#87EFEE"
"53149135429",4,64,"#964D3E"
"84912035980",4,230,"#5FDEB0"
"73449116761",4,312,"#5FDEB0"
"0010626485",4,149,"#964D3E"
"0004286324",5,690,"#6BD48C"
"36749002156",4,251,"#964D3E"
"0001771498",4,460,"#66E8D3"
"84907924367",4,121,"#5FDEB0"
"0003339624",4,157,"#5FDEB0"
"84879557163",4,132,"#5FDEB0"
"84926280632",4,141,"#5FDEB0"
"84976608921",4,93,"#5FDEB0"
"0001146378",4,99,"#95AA2B"
"0003609438",4,803,"#87EFEE"
"85030773142",4,196,"#5FDEB0"
"54249116230",4,124,"#87EFEE"
"0003842120",4,141,"#922D55"
"0001028618",4,73,"#922D55"
"0003999962",4,193,"#66E8D3"
"4143126973",4,68,"#922D55"
"0001742381",4,333,"#66E8D3"
"84924503282",4,263,"#66E8D3"
"0003880824",4,1153,"#66E8D3"
"84863473469",4,490,"#922D55"
"0002414229",4,536,"#66E8D3"
"0016948894",4,65,"#964D3E"
"0028178649",4,388,"#964D3E"
"0004287950",4,146,"#964D3E"
"4243275065",4,180,"#964D3E"
"0042734269",4,90,"#964D3E"
"0004229975",4,157,"#964D3E"
"0004085058",4,77,"#964D3E"
"0002957813",4,89,"#964D3E"
"0000000730",4,71,"#964D3E"
"0003942801",4,174,"#964D3E"
"0000267002",4,124,"#964D3E"
"33847225317",4,105,"#964D3E"
"85045014889",4,592,"#964D3E"
"84957970989",4,185,"#964D3E"
"1542526096",4,103,"#964D3E"
"84925213061",4,357,"#964D3E"
"12044254037",4,154,"#964D3E"
"0017771466",4,123,"#964D3E"
"0000298123",4,71,"#87EFEE"
"84922952455",4,427,"#87EFEE"
"85051013969",4,89,"#964D3E"
"84929748498",4,99,"#964D3E"
"84928372031",4,116,"#964D3E"
"0004001996",4,337,"#66E8D3"
"0019480612",4,267,"#66E8D3"
"0004245022",4,1156,"#922D55"
"0001634632",4,238,"#66E8D3"
"0037452939",4,193,"#87EFEE"
"0002230120",4,179,"#87EFEE"
"0242268535",4,229,"#87EFEE"
"0037049973",4,199,"#66E8D3"
"0004291677",4,382,"#66E8D3"
"0013770258",4,837,"#66E8D3"
"0347043608",4,203,"#87EFEE"
"34147107402",4,100,"#922D55"
"27644522801",4,88,"#66E8D3"
"33847019914",4,261,"#66E8D3"
"62649159402",4,136,"#922D55"
"0037772374",4,160,"#922D55"
"0003553364",5,103,"#6BD48C"
"84963522647",4,265,"#922D55"
"0003696915",5,259,"#6BD48C"
"84922231667",4,387,"#5FDEB0"
"0013037428",4,214,"#922D55"
"44949105867",4,210,"#964D3E"
"0037775212",4,61,"#964D3E"
"33751522709",4,253,"#964D3E"
"84906264204",4,231,"#964D3E"
"0004210529",4,652,"#87EFEE"
"84941961263",4,484,"#87EFEE"
"0003651732",4,423,"#87EFEE"
"0003941591",4,227,"#87EFEE"
"84856681654",4,156,"#964D3E"
"0003528702",4,711,"#87EFEE"
"84867897644",4,165,"#66E8D3"
"84922954353",4,211,"#87EFEE"
"0003044561",4,208,"#87EFEE"
"0001553024",4,617,"#5FDEB0"
"34247501402",5,422,"#901C63"
"84977316508",4,258,"#5FDEB0"
"85083544201",4,111,"#5FDEB0"
"34250709215",4,168,"#964D3E"
"0041638585",4,185,"#964D3E"
"0003583653",4,639,"#922D55"
"0003719068",4,322,"#922D55"
"85059963557",4,205,"#87EFEE"
"78650049713",4,137,"#964D3E"
"84921389911",4,653,"#964D3E"
"58149215957",4,196,"#66E8D3"
"0023511236",4,176,"#66E8D3"
"84926469971",4,156,"#5FDEB0"
"0026565107",4,180,"#66E8D3"
"0004235189",4,1540,"#66E8D3"
"0002027029",4,190,"#964D3E"
"84971149164",4,369,"#66E8D3"
"0003555131",4,1364,"#66E8D3"
"0542432939",4,551,"#66E8D3"
"0003659345",4,441,"#66E8D3"
"0024964245",4,483,"#66E8D3"
"0020454717",4,259,"#66E8D3"
"84866337080",4,214,"#66E8D3"
"84904185169",4,233,"#66E8D3"
"0003896184",4,284,"#5FDEB0"
"0000172513",4,238,"#66E8D3"
"0001843628",5,233,"#6BD48C"
"0002360705",4,401,"#5FDEB0"
"0004238390",4,803,"#964D3E"
"0000523231",5,670,"#6BD48C"
"0003752723",4,692,"#66E8D3"
"84996903486",4,258,"#66E8D3"
"0001376193",4,335,"#66E8D3"
"0002997690",4,290,"#66E8D3"
"0000036367",4,222,"#66E8D3"
"0001188349",4,612,"#66E8D3"
"84928269430",4,162,"#964D3E"
"84963103559",5,174,"#6BD48C"
"0022838376",5,154,"#6BD48C"
"84890660025",4,467,"#66E8D3"
"3042750437",5,128,"#6BD48C"
"0004114078",5,335,"#6BD48C"
"0000314099",5,340,"#6BD48C"
"12444335807",4,114,"#5FDEB0"
"33744745579",4,160,"#5FDEB0"
"0348008762",4,160,"#5FDEB0"
"84925444311",4,129,"#5FDEB0"
"0006137259",4,112,"#5FDEB0"
"23344450191",4,226,"#5FDEB0"
"84895570190",4,83,"#922D55"
"0035529861",4,98,"#922D55"
"0141605016",4,84,"#922D55"
"84894343182",4,99,"#922D55"
"3042670082",4,105,"#922D55"
"33748456391",4,84,"#922D55"
"0033578003",4,119,"#922D55"
"0007040754",4,125,"#964D3E"
"84892984394",4,211,"#66E8D3"
"79955645321",4,323,"#66E8D3"
"0004236135",4,1188,"#66E8D3"
"84889281816",4,91,"#87EFEE"
"0002361483",4,133,"#5FDEB0"
"78650090438",4,207,"#66E8D3"
"84905754624",4,527,"#66E8D3"
"0004293523",5,183,"#901C63"
"0033120616",4,269,"#66E8D3"
"0031789482",4,135,"#922D55"
"77955838106",4,128,"#922D55"
"33745496132",4,74,"#922D55"
"0010186742",4,178,"#5FDEB0"
"56849107908",4,100,"#922D55"
"41149092794",4,136,"#922D55"
"84922964244",4,112,"#922D55"
"40749090397",4,60,"#922D55"
"77049161520",4,274,"#87EFEE"
"84861957439",4,62,"#964D3E"
"85025611035",4,170,"#66E8D3"
"37149057137",4,298,"#922D55"
"78650129138",4,233,"#922D55"
"32044434417",4,156,"#5FDEB0"
"0034925876",4,135,"#66E8D3"
"77956167704",4,250,"#66E8D3"
"84945261507",4,121,"#964D3E"
"0024252125",4,174,"#66E8D3"
"0003895111",4,350,"#922D55"
"36148997648",4,114,"#5FDEB0"
"33847790997",5,259,"#6BD48C"
"84959798530",5,106,"#6BD48C"
"0003804679",5,911,"#6BD48C"
"0003393452",5,124,"#901C63"
"0003633976",5,472,"#901C63"
"33847193251",4,191,"#964D3E"
"0007130202",4,168,"#964D3E"
"0035650336",4,156,"#5FDEB0"
"33745188236",4,126,"#5FDEB0"
"19944400150",4,259,"#964D3E"
"84895582582",4,182,"#964D3E"
"62149099213",4,155,"#5FDEB0"
"0003906715",5,276,"#6BD48C"
"0013112994",4,223,"#964D3E"
"0002101626",4,645,"#964D3E"
"33745186901",4,171,"#5FDEB0"
"84961623445",4,132,"#922D55"
"0003793394",4,206,"#922D55"
"84856165328",4,67,"#922D55"
"77955374242",4,118,"#922D55"
"0004047542",4,68,"#922D55"
"0038732941",4,725,"#922D55"
"0003943906",4,452,"#922D55"
"53349135003",4,110,"#922D55"
"0002224909",5,468,"#6BD48C"
"0004046696",5,357,"#6BD48C"
"84924137890",4,200,"#964D3E"
"0001360887",4,149,"#964D3E"
"30444444066",4,266,"#66E8D3"
"84884079276",4,119,"#66E8D3"
"0003943719",4,95,"#922D55"
"36448998184",5,92,"#964D3E"
"0004110194",4,254,"#964D3E"
"0001496019",4,78,"#964D3E"
"84922008343",4,116,"#964D3E"
"85040297511",4,86,"#922D55"
"0004263661",4,203,"#922D55"
"13444311847",4,144,"#922D55"
"85035767657",4,104,"#5FDEB0"
"0000461315",4,326,"#5FDEB0"
"0004205417",4,87,"#922D55"
"0010232262",4,220,"#66E8D3"
"0004120906",4,338,"#87EFEE"
"0002448776",4,670,"#87EFEE"
"78649923390",4,127,"#87EFEE"
"7644238181",4,140,"#964D3E"
"0004151260",4,82,"#5FDEB0"
"84874264355",4,432,"#66E8D3"
"0003496437",4,105,"#66E8D3"
"35348968286",4,93,"#66E8D3"
"0033839526",4,166,"#901C63"
"0003453618",4,199,"#5FDEB0"
"0003737454",4,161,"#5FDEB0"
"0348134689",4,474,"#87EFEE"
"0003481841",4,136,"#5FDEB0"
"84978371778",4,260,"#87EFEE"
"0003631263",4,173,"#87EFEE"
"47249164008",4,180,"#964D3E"
"57649181464",4,112,"#964D3E"
"0000296497",4,308,"#66E8D3"
"0004133967",4,243,"#964D3E"
"84938898766",4,365,"#87EFEE"
"84881595486",4,114,"#964D3E"
"0004113236",4,86,"#964D3E"
"0003696334",4,359,"#964D3E"
"0003457150",4,114,"#964D3E"
"85163169203",4,326,"#87EFEE"
"71249134942",4,198,"#964D3E"
"51149203927",4,144,"#87EFEE"
"60950329926",4,159,"#964D3E"
"48949093147",4,111,"#964D3E"
"0002471463",4,174,"#5FDEB0"
"85020492548",4,167,"#5FDEB0"
"0001685234",5,357,"#901C63"
"85026458625",4,80,"#5FDEB0"
"21444433136",4,177,"#5FDEB0"
"35448962735",5,153,"#901C63"
"33847229194",4,274,"#964D3E"
"85047520277",4,17,"#964D3E"
"20744442467",5,60,"#6BD48C"
"84890987894",5,523,"#6BD48C"
"0142114095",5,123,"#6BD48C"
"84925921013",5,300,"#6BD48C"
"0004275113",4,306,"#922D55"
"0003528579",4,164,"#87EFEE"
"84954371516",4,120,"#5FDEB0"
"84871704711",4,139,"#5FDEB0"
"84893349575",4,179,"#5FDEB0"
"0013286507",4,123,"#5FDEB0"
"84927165452",4,158,"#5FDEB0"
"84890868523",4,78,"#922D55"
"0004023814",4,123,"#5FDEB0"
"0004039596",5,395,"#6BD48C"
"0003891690",5,163,"#6BD48C"
"0001930521",5,413,"#901C63"
"0003809032",5,386,"#964D3E"
"58549116944",4,169,"#87EFEE"
"0020402387",4,375,"#922D55"
"0021074544",4,287,"#964D3E"
"0004270927",4,394,"#87EFEE"
"0001820048",4,604,"#922D55"
"60950090490",4,304,"#87EFEE"
"0003884211",4,652,"#66E8D3"
"33751524084",4,164,"#964D3E"
"36148995068",4,164,"#5FDEB0"
"84886640909",4,177,"#5FDEB0"
"0001155385",4,88,"#964D3E"
"0001353789",4,192,"#964D3E"
"0004034745",5,516,"#6BD48C"
"0344941648",4,422,"#964D3E"
"0018692402",4,1650,"#964D3E"
"0003401433",5,937,"#6BD48C"
"0006065591",4,221,"#964D3E"
"0008462624",4,125,"#964D3E"
"0032425770",4,212,"#66E8D3"
"0003932298",5,282,"#901C63"
"0000907353",4,448,"#66E8D3"
"84979971123",4,173,"#5FDEB0"
"0003913385",4,228,"#922D55"
"84968054140",5,217,"#6BD48C"
"1642326753",5,155,"#6BD48C"
"67651181109",4,181,"#5FDEB0"
"0003800456",5,364,"#901C63"
"0141594724",5,329,"#901C63"
"61849126359",4,162,"#66E8D3"
"0003575357",5,182,"#6BD48C"
"0039088394",5,248,"#901C63"
"34247479359",5,213,"#901C63"
"0026282736",5,242,"#901C63"
"0004119268",5,228,"#901C63"
"43749107081",4,113,"#922D55"
"84921131036",5,169,"#6BD48C"
"0012581313",4,81,"#964D3E"
"34249034031",5,452,"#901C63"
"84924620940",5,378,"#901C63"
"84945665578",4,216,"#5FDEB0"
"0000995843",4,651,"#87EFEE"
"0025492271",4,158,"#87EFEE"
"75849154522",4,223,"#5FDEB0"
"85055279935",4,97,"#5FDEB0"
"77249165092",4,135,"#5FDEB0"
"0039126558",4,120,"#5FDEB0"
"0005925633",4,427,"#87EFEE"
"28244490466",4,105,"#922D55"
"0034493580",4,61,"#922D55"
"84945329741",5,1089,"#6BD48C"
"84963040886",5,825,"#6BD48C"
"84926105993",5,140,"#6BD48C"
"84872566721",4,89,"#5FDEB0"
"85053519379",4,112,"#5FDEB0"
"67649653956",4,141,"#5FDEB0"
"75549090229",4,155,"#5FDEB0"
"0001260103",5,125,"#901C63"
"84859749229",4,369,"#66E8D3"
"32444446240",5,186,"#901C63"
"37749028324",4,231,"#66E8D3"
"0042703673",4,123,"#66E8D3"
"0003810817",5,92,"#901C63"
"0028987952",4,154,"#66E8D3"
"0035881388",5,237,"#901C63"
"0024117869",5,138,"#901C63"
"84859143020",5,111,"#901C63"
"0003457667",5,299,"#901C63"
"0020326402",5,206,"#901C63"
"84909358155",4,148,"#922D55"
"47649119279",4,87,"#922D55"
"84945669237",4,100,"#922D55"
"0003783807",4,193,"#66E8D3"
"0003769663",4,156,"#964D3E"
"0034779872",4,363,"#5FDEB0"
"85042775702",4,161,"#5FDEB0"
"0001617087",4,1000,"#87EFEE"
"0002037156",4,393,"#87EFEE"
"0003694798",4,500,"#964D3E"
"0003636712",5,145,"#901C63"
"84949316698",4,199,"#87EFEE"
"33847658745",4,122,"#5FDEB0"
"0012924871",4,146,"#87EFEE"
"0038135933",4,165,"#87EFEE"
"0002625924",5,309,"#87EFEE"
"80051502638",4,234,"#87EFEE"
"0003426066",4,382,"#87EFEE"
"0042382739",4,136,"#5FDEB0"
"84941772703",4,62,"#87EFEE"
"61149230995",5,343,"#6BD48C"
"3843064285",4,95,"#87EFEE"
"0002773406",4,217,"#5FDEB0"
"34547396004",5,120,"#964D3E"
"0000638947",5,322,"#901C63"
"33751522103",4,176,"#5FDEB0"
"0003707485",4,92,"#66E8D3"
"0001856692",4,313,"#87EFEE"
"0001893409",4,130,"#5FDEB0"
"84989996303",4,652,"#87EFEE"
"0242468431",5,333,"#901C63"
"79251490277",4,180,"#964D3E"
"84860511582",4,93,"#66E8D3"
"33947394007",4,189,"#66E8D3"
"0031418099",5,228,"#901C63"
"0030161750",5,196,"#901C63"
"0002883610",4,217,"#964D3E"
"0003394972",5,246,"#6BD48C"
"84954811589",4,140,"#964D3E"
"0003490497",4,91,"#964D3E"
"0003989907",5,79,"#6BD48C"
"0003588005",4,286,"#964D3E"
"0004159834",4,171,"#66E8D3"
"0000466965",4,126,"#964D3E"
"0004271399",4,126,"#5FDEB0"
"84921943298",4,1049,"#66E8D3"
"0003701059",5,99,"#6BD48C"
"0004087796",4,187,"#922D55"
"60849126104",4,230,"#964D3E"
"0042378560",4,54,"#964D3E"
"84896720323",4,122,"#964D3E"
"84925891542",5,127,"#6BD48C"
"84957582846",5,97,"#6BD48C"
"0031284544",4,144,"#87EFEE"
"0003763968",4,73,"#964D3E"
"0004075481",5,103,"#6BD48C"
"0003748397",4,108,"#964D3E"
"0001762011",4,185,"#964D3E"
"0342997410",4,124,"#964D3E"
"0041679282",4,94,"#964D3E"
"0003485236",5,198,"#6BD48C"
"0018010981",4,350,"#87EFEE"
"33751534069",4,132,"#66E8D3"
"0003774595",4,150,"#87EFEE"
"0004110659",4,97,"#922D55"
"20344398964",4,130,"#964D3E"
"0000082907",4,102,"#964D3E"
"34547423077",4,127,"#964D3E"
"0002022876",4,255,"#87EFEE"
"0004174066",4,75,"#964D3E"
"84936824515",4,331,"#66E8D3"
"85213568728",4,259,"#922D55"
"0004213512",4,183,"#87EFEE"
"0004088235",4,199,"#922D55"
"79955024877",4,333,"#87EFEE"
"0028181948",4,50,"#964D3E"
"85202425069",5,99,"#6BD48C"
"85040890266",4,50,"#66E8D3"
"84897148366",4,142,"#922D55"
"50849117818",4,123,"#922D55"
"0000477047",4,204,"#964D3E"
"33751313315",4,357,"#87EFEE"
"78650336375",4,154,"#922D55"
"33845515915",4,223,"#922D55"
"0008492559",4,198,"#5FDEB0"
"0001125441",4,109,"#922D55"
"0004208706",4,146,"#922D55"
"0003837238",5,126,"#6BD48C"
"0003643654",4,364,"#922D55"
"0029768228",4,316,"#87EFEE"
"84863442553",4,77,"#922D55"
"0003794672",4,464,"#964D3E"
"0000790263",4,89,"#964D3E"
"84953296993",4,272,"#66E8D3"
"77957135953",4,127,"#964D3E"
"0004210158",4,290,"#964D3E"
"80255124881",4,108,"#964D3E"
"3242708571",4,120,"#5FDEB0"
"0000733534",4,176,"#5FDEB0"
"84921597841",4,103,"#5FDEB0"
"84971109236",4,122,"#5FDEB0"
"0001350294",4,216,"#87EFEE"
"0003785662",4,160,"#87EFEE"
"0000624328",4,77,"#964D3E"
"0003437229",4,148,"#5FDEB0"
"9644304840",4,157,"#66E8D3"
"84913593051",4,95,"#922D55"
"0004256058",4,134,"#922D55"
"0028179028",4,134,"#87EFEE"
"85133871662",4,107,"#87EFEE"
"0004104697",5,130,"#6BD48C"
"0001597149",4,368,"#87EFEE"
"0003470431",4,447,"#66E8D3"
"0001824940",4,272,"#66E8D3"
"0034038591",4,336,"#87EFEE"
"84922057939",4,200,"#964D3E"
"0003931304",4,93,"#964D3E"
"0018050763",4,53,"#922D55"
"85024477197",4,122,"#5FDEB0"
"0003541293",4,141,"#922D55"
"0004133776",4,184,"#5FDEB0"
"33746134363",4,135,"#922D55"
"35348878751",5,159,"#6BD48C"
"84953393475",4,242,"#66E8D3"
"35348930404",4,134,"#66E8D3"
"0031458653",4,94,"#66E8D3"
"84855525481",4,106,"#964D3E"
"78649978073",4,92,"#87EFEE"
"0003568052",5,317,"#901C63"
"70449209123",4,301,"#87EFEE"
"0003035302",4,474,"#87EFEE"
"70449876423",4,189,"#87EFEE"
"0000988812",4,313,"#87EFEE"
"0009641412",4,179,"#87EFEE"
"0003414163",4,528,"#87EFEE"
"0002181208",4,232,"#87EFEE"
"0003602902",4,577,"#66E8D3"
"0004252071",4,180,"#66E8D3"
"0003651207",5,174,"#6BD48C"
"0010290281",4,206,"#87EFEE"
"36549087172",4,159,"#87EFEE"
"0034799066",4,143,"#87EFEE"
"0001738021",4,705,"#87EFEE"
"0001271789",4,100,"#87EFEE"
"0025300402",4,117,"#87EFEE"
"0003626641",4,372,"#964D3E"
"0000296665",4,147,"#964D3E"
"80053089880",4,161,"#964D3E"
"70450198094",4,163,"#964D3E"
"33947397595",4,126,"#964D3E"
"12844259082",4,155,"#964D3E"
"46149093073",4,207,"#964D3E"
"84929718031",4,188,"#964D3E"
"0014421064",4,110,"#964D3E"
"0028581224",4,111,"#964D3E"
"0029750373",4,132,"#964D3E"
"0004187529",4,170,"#901C63"
"0002748590",4,223,"#964D3E"
"85124609963",4,167,"#66E8D3"
"0004268348",4,83,"#964D3E"
"0004246689",4,112,"#922D55"
"0001958326",4,434,"#66E8D3"
"0013770278",4,319,"#66E8D3"
"0004163157",4,64,"#66E8D3"
"67651156328",5,224,"#901C63"
"0003792794",5,527,"#6BD48C"
"79251501690",5,135,"#6BD48C"
"0004039907",5,425,"#6BD48C"
"26944475159",5,186,"#901C63"
"0009098262",5,149,"#6BD48C"
"14844307139",5,268,"#901C63"
"0004066373",5,186,"#6BD48C"
"34547432163",5,159,"#6BD48C"
"0004235188",4,106,"#964D3E"
"0004164231",4,111,"#5FDEB0"
"84862276328",4,114,"#66E8D3"
"0032738801",4,165,"#66E8D3"
"54849411047",4,284,"#66E8D3"
"0004123735",4,259,"#66E8D3"
"0032541570",4,48,"#922D55"
"0003647239",5,133,"#901C63"
"0004018045",4,106,"#87EFEE"
"0003406357",4,263,"#964D3E"
"23944443282",4,69,"#922D55"
"0001122210",4,106,"#964D3E"
"84862978496",4,65,"#922D55"
"34447341188",4,110,"#922D55"
"0039891828",4,79,"#922D55"
"0002590912",4,79,"#964D3E"
"84928279660",4,96,"#922D55"
"0003948869",4,143,"#922D55"
"84907471303",4,175,"#66E8D3"
"0002551548",4,329,"#66E8D3"
"0001198329",4,222,"#66E8D3"
"0000550254",4,246,"#66E8D3"
"33747245030",4,156,"#66E8D3"
"0000773259",4,247,"#66E8D3"
"0004206066",4,152,"#66E8D3"
"0000969425",5,199,"#6BD48C"
"0002016726",5,204,"#6BD48C"
"0003756180",5,771,"#6BD48C"
"0002983450",5,150,"#6BD48C"
"84959755121",5,336,"#6BD48C"
"0003891643",4,40,"#964D3E"
"0000930435",4,253,"#922D55"
"48349088565",4,131,"#922D55"
"84959416831",4,133,"#922D55"
"0347623116",4,113,"#922D55"
"0004141128",4,210,"#922D55"
"34249975442",4,112,"#5FDEB0"
"0000777476",4,87,"#87EFEE"
"0001751790",4,108,"#5FDEB0"
"0003846733",5,43,"#6BD48C"
"0004202966",5,439,"#6BD48C"
"0021536037",5,265,"#964D3E"
"77956980832",5,99,"#6BD48C"
"0001535842",5,81,"#87EFEE"
"0007140719",4,176,"#964D3E"
"0004173912",4,110,"#5FDEB0"
"0003502384",4,116,"#964D3E"
"0002431935",5,267,"#901C63"
"84974133520",4,127,"#922D55"
"84855454549",4,72,"#922D55"
"0031263380",5,163,"#901C63"
"0004254976",5,215,"#901C63"
"0000545445",5,398,"#6BD48C"
"0004160847",5,440,"#901C63"
"28444434209",5,269,"#901C63"
"0004279699",5,129,"#901C63"
"0004007282",5,510,"#901C63"
"0003475497",5,240,"#901C63"
"0003917501",5,149,"#901C63"
"0001864866",5,149,"#901C63"
"0001076372",5,206,"#901C63"
"0002077599",5,253,"#964D3E"
"0001947599",5,284,"#87EFEE"
"0003576417",4,90,"#922D55"
"0003398906",4,112,"#964D3E"
"22344445163",5,146,"#901C63"
"0003893584",4,176,"#87EFEE"
"0016160841",4,288,"#87EFEE"
"0004018184",4,898,"#66E8D3"
"0003867942",5,1282,"#6BD48C"
"0003869664",4,214,"#5FDEB0"
"0016264378",4,99,"#922D55"
"34250829264",4,69,"#964D3E"
"0023778011",5,89,"#6BD48C"
"0003747799",5,144,"#901C63"
"0004287113",5,262,"#6BD48C"
"84971185409",4,229,"#66E8D3"
"0003961628",4,275,"#964D3E"
"84923206551",4,65,"#87EFEE"
"0004069985",4,112,"#87EFEE"
"0003547439",5,168,"#66E8D3"
"0038752303",4,150,"#5FDEB0"
"0003432081",5,203,"#6BD48C"
"0004224763",4,112,"#5FDEB0"
"0004124452",4,181,"#66E8D3"
"0003780116",4,150,"#87EFEE"
"0004062081",4,53,"#964D3E"
"0003445619",5,99,"#6BD48C"
"0003487821",4,157,"#964D3E"
"0004213215",4,75,"#964D3E"
"72749115958",4,115,"#964D3E"
"0003808102",4,39,"#964D3E"
"0000030127",4,94,"#964D3E"
"0032802609",4,142,"#87EFEE"
"0442265752",4,187,"#87EFEE"
"84989412861",5,121,"#6BD48C"
"0003934790",5,977,"#6BD48C"
"67651021172",5,111,"#6BD48C"
"0003540899",4,111,"#87EFEE"
"68049107038",4,139,"#87EFEE"
"0004295054",4,46,"#964D3E"
"0003740191",4,38,"#922D55"
"0004048289",4,90,"#922D55"
"15244345464",4,41,"#964D3E"
"0002479337",5,153,"#6BD48C"
"0003577655",4,157,"#5FDEB0"
"0004645478",5,419,"#6BD48C"
"0004040027",5,151,"#6BD48C"
"0003989431",4,257,"#5FDEB0"
"0000260470",4,180,"#5FDEB0"
"0004104566",4,154,"#5FDEB0"
"0003893047",5,151,"#6BD48C"
"0001005776",4,184,"#87EFEE"
"0004268076",4,508,"#66E8D3"
"0003858633",5,191,"#901C63"
"0002707747",5,169,"#6BD48C"
"0000356439",5,127,"#6BD48C"
"84924704709",4,142,"#964D3E"
"23044523909",5,163,"#901C63"
"0038816583",5,157,"#901C63"
"0014684371",5,206,"#6BD48C"
"58749112734",4,75,"#66E8D3"
"28844496130",4,225,"#66E8D3"
"84890290472",4,92,"#66E8D3"
"85032131319",5,244,"#6BD48C"
"0001575260",4,64,"#964D3E"
"0016656592",5,138,"#6BD48C"
"0004053815",4,102,"#964D3E"
"0003711593",4,117,"#87EFEE"
"0004308249",4,159,"#87EFEE"
"0004043301",4,308,"#964D3E"
"34548719708",4,353,"#66E8D3"
"0003528640",5,362,"#6BD48C"
"4243773720",5,461,"#901C63"
"0041884892",4,106,"#964D3E"
"0003763466",5,371,"#6BD48C"
"0002175468",5,345,"#6BD48C"
"0027801886",5,104,"#964D3E"
"0004206243",5,108,"#6BD48C"
"0004281414",5,78,"#964D3E"
"0004064892",5,115,"#6BD48C"
"0003741625",4,93,"#66E8D3"
"0000841452",4,372,"#66E8D3"
"0022204866",4,256,"#66E8D3"
"0004163831",4,345,"#66E8D3"
"0003896115",4,78,"#5FDEB0"
"0004229671",4,153,"#5FDEB0"
"0000676122",4,151,"#5FDEB0"
"0004146971",4,164,"#5FDEB0"
"0004178922",5,399,"#6BD48C"
"0004168761",5,226,"#6BD48C"
"20744451770",4,82,"#964D3E"
"0004187130",5,94,"#6BD48C"
"0003699334",5,230,"#6BD48C"
"0003796679",4,44,"#964D3E"
"77249148926",4,108,"#964D3E"
"0001690283",5,331,"#901C63"
"0003991673",5,144,"#6BD48C"
"0001105062",4,86,"#964D3E"
"77149143915",4,107,"#964D3E"
"2342616614",5,223,"#6BD48C"
"0004156293",4,71,"#964D3E"
"0003178902",5,382,"#6BD48C"
"33745977854",5,251,"#901C63"
"0024651729",4,89,"#87EFEE"
"0004068679",5,216,"#901C63"
"85026206870",4,70,"#995D33"
"80051801494",5,105,"#6BD48C"
"0003720059",4,144,"#6BD48C"
"0001921913",5,67,"#6BD48C"
"0011125621",5,69,"#6BD48C"
"0030844574",4,260,"#66E8D3"
"0003393251",4,254,"#66E8D3"
"0003854058",5,130,"#6BD48C"
"0002961249",4,121,"#87EFEE"
"0031420798",4,133,"#87EFEE"
"0003685012",4,159,"#87EFEE"
"0031582708",4,197,"#66E8D3"
"0040222792",4,145,"#964D3E"
"0004202581",4,193,"#66E8D3"
"0002881863",4,159,"#922D55"
"0003993428",5,205,"#6BD48C"
"0011350204",5,259,"#6BD48C"
"0004004488",5,419,"#6BD48C"
"0003871583",5,157,"#6BD48C"
"0000926458",5,160,"#6BD48C"
"0004006454",5,96,"#6BD48C"
"0003960921",4,226,"#66E8D3"
"0003022805",4,151,"#964D3E"
"0003688612",4,373,"#66E8D3"
"33644700003",5,68,"#6BD48C"
"0033603539",5,205,"#6BD48C"
"52949086982",4,129,"#922D55"
"0003768085",4,213,"#922D55"
"0002107944",4,322,"#964D3E"
"0000305961",5,204,"#6BD48C"
"0004147810",5,326,"#6BD48C"
"84972048145",5,251,"#6BD48C"
"0001987285",5,214,"#901C63"
"0004081863",5,264,"#6BD48C"
"0003760939",4,119,"#964D3E"
"0024280650",4,117,"#66E8D3"
"33847717429",4,143,"#922D55"
"79952623983",4,234,"#66E8D3"
"0014955324",4,258,"#66E8D3"
"0003515296",4,114,"#66E8D3"
"84940517618",4,81,"#66E8D3"
"0001475179",4,195,"#66E8D3"
"19944416334",5,85,"#6BD48C"
"71649101146",4,410,"#66E8D3"
"36749048362",4,120,"#964D3E"
"0003577985",4,217,"#964D3E"
"84959851685",5,222,"#6BD48C"
"0004232682",5,363,"#6BD48C"
"0001151063",5,138,"#6BD48C"
"0003694438",5,243,"#6BD48C"
"0001577949",5,113,"#6BD48C"
"0003608557",5,182,"#6BD48C"
"0004217850",5,260,"#6BD48C"
"0000488406",5,189,"#6BD48C"
"0003788870",5,162,"#6BD48C"
"34250419492",4,90,"#922D55"
"0000277589",4,145,"#922D55"
"0035819418",4,180,"#66E8D3"
"84920379618",4,117,"#922D55"
"84972102694",4,140,"#964D3E"
"0025662627",4,228,"#964D3E"
"35448936976",5,177,"#901C63"
"0032605312",5,209,"#901C63"
"84943229730",5,257,"#901C63"
"66049089612",5,90,"#6BD48C"
"0037385025",4,82,"#922D55"
"0020686827",4,69,"#922D55"
"0346924341",4,76,"#922D55"
"84931336421",4,215,"#66E8D3"
"0000802969",4,132,"#964D3E"
"0020869892",5,282,"#6BD48C"
"0000718967",5,182,"#6BD48C"
"84959788761",5,210,"#6BD48C"
"33750810896",5,69,"#6BD48C"
"0000013908",5,141,"#6BD48C"
"0003667355",4,137,"#87EFEE"
"0003600614",4,143,"#87EFEE"
"0004276401",4,254,"#66E8D3"
"0025330346",4,101,"#66E8D3"
"0001740393",4,246,"#87EFEE"
"77951765145",4,391,"#66E8D3"
"1642308960",4,87,"#66E8D3"
"0004251932",5,53,"#6BD48C"
"0002729243",4,213,"#66E8D3"
"0015330403",4,494,"#66E8D3"
"0035339191",4,252,"#87EFEE"
"0022180244",4,226,"#66E8D3"
"85057472340",4,117,"#922D55"
"0003961417",4,143,"#5FDEB0"
"0003860985",4,145,"#66E8D3"
"0038211668",5,113,"#6BD48C"
"0041078272",5,137,"#6BD48C"
"84959806898",5,140,"#6BD48C"
"0004274568",5,119,"#6BD48C"
"0001977685",4,465,"#87EFEE"
"0004178163",5,123,"#901C63"
"0035564409",4,117,"#922D55"
"0003927235",4,161,"#87EFEE"
"0003532627",4,66,"#66E8D3"
"0029706106",4,99,"#66E8D3"
"79960269947",4,178,"#66E8D3"
"0033594521",4,203,"#66E8D3"
"34250747359",4,228,"#66E8D3"
"0029706136",4,147,"#66E8D3"
"0004184271",5,215,"#6BD48C"
"0348061062",5,98,"#6BD48C"
"0003644303",4,113,"#87EFEE"
"84940200951",4,178,"#66E8D3"
"0003060879",4,53,"#964D3E"
"0003748669",4,118,"#964D3E"
"0003578679",4,260,"#964D3E"
"20444469657",4,68,"#964D3E"
"0029023813",4,159,"#66E8D3"
"62449101128",4,260,"#66E8D3"
"0036392087",4,241,"#66E8D3"
"1842862812",4,78,"#964D3E"
"0010290279",4,231,"#87EFEE"
"84929774046",4,29,"#964D3E"
"84874479799",4,221,"#66E8D3"
"0003874928",4,383,"#87EFEE"
"8644248023",4,153,"#66E8D3"
"0034731032",4,186,"#66E8D3"
"84963102759",5,393,"#6BD48C"
"24944567953",4,314,"#87EFEE"
"0003858401",4,172,"#87EFEE"
"0003792728",4,226,"#964D3E"
"0001049936",4,280,"#66E8D3"
"0003851228",5,153,"#901C63"
"0035870279",5,220,"#901C63"
"2442622360",4,107,"#964D3E"
"0013688768",4,123,"#66E8D3"
"0037693966",4,142,"#87EFEE"
"0003438230",4,729,"#66E8D3"
"0010637654",4,108,"#964D3E"
"0040176028",4,140,"#87EFEE"
"79960703837",4,97,"#922D55"
"0031748359",4,91,"#922D55"
"12344331136",4,115,"#922D55"
"0034682335",5,78,"#6BD48C"
"84902607340",5,170,"#901C63"
"0014937223",4,166,"#87EFEE"
"0004017933",4,280,"#87EFEE"
"0003474814",5,379,"#6BD48C"
"0004305444",4,191,"#66E8D3"
"0003393067",4,257,"#66E8D3"
"0022729337",4,72,"#87EFEE"
"0010726339",4,502,"#87EFEE"
"72149131108",4,288,"#87EFEE"
"0024870633",5,316,"#901C63"
"33746673633",4,75,"#964D3E"
"0004036445",4,148,"#964D3E"
"0014219333",4,97,"#66E8D3"
"0004277855",5,282,"#6BD48C"
"0019989720",5,246,"#6BD48C"
"0034663609",5,246,"#901C63"
"0036905397",4,103,"#87EFEE"
"0037384937",4,77,"#922D55"
"0000692309",5,183,"#6BD48C"
"79957986397",4,155,"#66E8D3"
"71649083001",4,96,"#66E8D3"
"9444295241",4,112,"#66E8D3"
"0023647382",4,62,"#964D3E"
"0004203010",4,229,"#6BD48C"
"0004188345",4,191,"#87EFEE"
"0033621138",4,268,"#87EFEE"
"0004260269",5,382,"#901C63"
"0003749261",4,494,"#87EFEE"
"84856043672",4,161,"#87EFEE"
"0003397751",4,115,"#922D55"
"0004165888",4,80,"#5FDEB0"
"0030454097",4,242,"#87EFEE"
"0000145115",4,102,"#66E8D3"
"0003474879",5,230,"#6BD48C"
"0003866685",4,181,"#66E8D3"
"0004241094",4,75,"#922D55"
"0002222865",4,175,"#66E8D3"
"0029023814",4,135,"#66E8D3"
"0004271748",4,47,"#66E8D3"
"75949153824",4,162,"#66E8D3"
"0000475648",4,484,"#66E8D3"
"0019029068",4,304,"#66E8D3"
"0004079429",4,126,"#66E8D3"
"0005997926",4,130,"#87EFEE"
"0002141435",4,306,"#87EFEE"
"0003831870",4,152,"#922D55"
"0003498586",4,65,"#66E8D3"
"0004178570",4,150,"#66E8D3"
"0003751736",4,108,"#66E8D3"
"0014913724",5,347,"#6BD48C"
"0030048999",5,397,"#901C63"
"0000930018",5,88,"#6BD48C"
"0003422684",4,135,"#66E8D3"
"0040533465",5,378,"#6BD48C"
"0001064850",4,444,"#66E8D3"
"0004030131",4,210,"#66E8D3"
"0000861070",5,173,"#901C63"
"0003035829",4,274,"#87EFEE"
"0003925318",4,217,"#87EFEE"
"0004233463",4,167,"#87EFEE"
"0003455627",4,268,"#87EFEE"
"70449515444",5,79,"#6BD48C"
"0003521639",4,196,"#87EFEE"
"0036407157",5,96,"#6BD48C"
"0036898759",5,146,"#6BD48C"
"0002403043",4,312,"#87EFEE"
"0003880161",4,87,"#87EFEE"
"1842472265",4,107,"#66E8D3"
"0011266646",5,202,"#6BD48C"
"0003569397",5,146,"#6BD48C"
"0003687747",4,62,"#66E8D3"
"84989466074",5,137,"#6BD48C"
"0002751551",5,290,"#6BD48C"
"0001562252",4,236,"#66E8D3"
"0000572762",4,49,"#964D3E"
"0001844436",5,190,"#901C63"
"0003448676",5,194,"#6BD48C"
"0004069901",5,200,"#6BD48C"
"0000633676",5,194,"#6BD48C"
"0003691785",5,167,"#964D3E"
"0003929763",5,152,"#6BD48C"
"0003860257",5,133,"#901C63"
"0020398451",4,173,"#66E8D3"
"0025658877",4,117,"#66E8D3"
"0003859002",4,117,"#66E8D3"
"0003799915",5,120,"#6BD48C"
"0001522430",4,267,"#87EFEE"
"0004051584",5,170,"#6BD48C"
"0003419034",5,84,"#6BD48C"
"0003527115",4,81,"#66E8D3"
"0012716777",4,23,"#964D3E"
"0003979290",4,50,"#66E8D3"
"0003470046",5,129,"#6BD48C"
"0003438794",4,58,"#87EFEE"
"0008797658",4,187,"#66E8D3"
"34250100785",5,319,"#6BD48C"
"0004288109",5,121,"#6BD48C"
"0005696254",5,206,"#6BD48C"
"0003601219",5,301,"#6BD48C"
"0003822522",5,115,"#6BD48C"
"0003597440",5,113,"#964D3E"
"0001458537",5,121,"#6BD48C"
"0000055590",5,146,"#6BD48C"
"0005926649",4,99,"#964D3E"
"0003746531",4,80,"#66E8D3"
"0034231327",5,116,"#901C63"
"0003429432",4,111,"#66E8D3"
"0010885546",4,143,"#6BD48C"
"0004161153",5,111,"#964D3E"
"0004206241",5,177,"#6BD48C"
"0003458407",5,107,"#6BD48C"
"0002254362",4,87,"#964D3E"
"0003903963",4,271,"#66E8D3"
"0004247104",4,122,"#87EFEE"
"0019416855",5,185,"#6BD48C"
"0003890226",5,162,"#6BD48C"
"0003625869",4,117,"#66E8D3"
"0001525933",4,147,"#66E8D3"
"0003881083",4,265,"#87EFEE"
"0004261912",5,249,"#6BD48C"
"0004120648",5,106,"#901C63"
"0004246255",4,145,"#87EFEE"
"0006914816",4,469,"#87EFEE"
"0010928444",4,92,"#66E8D3"
"0024905266",4,156,"#5FDEB0"
"0003982758",5,142,"#6BD48C"
"0004241533",4,143,"#5FDEB0"
"0003093770",5,162,"#6BD48C"
"0020924704",4,251,"#66E8D3"
"0001094315",5,167,"#6BD48C"
"0021560093",5,163,"#6BD48C"
"0004110029",5,185,"#6BD48C"
"34250123902",4,87,"#66E8D3"
"0017291783",4,142,"#66E8D3"
"0017391782",4,181,"#66E8D3"
"84928076037",5,139,"#6BD48C"
"0003418142",5,88,"#6BD48C"
"0020185689",5,36,"#6BD48C"
"85040138755",4,85,"#66E8D3"
"2342453101",5,248,"#6BD48C"
"0342996752",5,106,"#6BD48C"
"84882871783",5,84,"#6BD48C"
"33746881271",4,81,"#66E8D3"
